project,class,commits,bcommits,tins,devs,max_commit_age
0xd4d/dnSpy,Procedural_Static_Disallow_Managed,50992,5003,660833,27,1314
30-seconds/30-seconds-of-code,Scripting_Dynamic_Allow_Managed,9797,227,110986,66,741
AFNetworking/AFNetworking,Functional_Static_Disallow_Managed,18,4,300,2,369
AFNetworking/AFNetworking,Procedural_Static_Allow_Unmanaged,3587,844,48609,337,3069
Alamofire/Alamofire,Functional_Static_Disallow_Managed,2364,450,67111,121,1958
Alamofire/Alamofire,Procedural_Static_Allow_Unmanaged,10,2,53,3,1315
ApolloAuto/apollo,Procedural_Static_Allow_Unmanaged,65075,9967,1920697,309,889
ApolloAuto/apollo,Scripting_Dynamic_Allow_Managed,1894,191,20990,25,887
ApolloAuto/apollo,Scripting_Dynamic_Disallow_Managed,2353,311,65724,112,885
App-vNext/Polly,Procedural_Static_Disallow_Managed,3144,317,106600,44,2395
AshesOfOwls/jquery.shapeshift,Scripting_Dynamic_Allow_Managed,453,50,14086,7,267
AutoMapper/AutoMapper,Procedural_Static_Disallow_Managed,10507,1574,263400,140,3966
AvaloniaUI/Avalonia,Procedural_Static_Allow_Unmanaged,318,65,7235,8,446
AvaloniaUI/Avalonia,Procedural_Static_Disallow_Managed,26999,4283,580699,137,2190
BVLC/caffe,Procedural_Static_Allow_Unmanaged,5336,1056,115135,173,1763
BVLC/caffe,Scripting_Dynamic_Disallow_Managed,594,120,95607,94,1793
BabylonJS/Babylon.js,Procedural_Static_Allow_Unmanaged,1413,298,165869,5,824
BabylonJS/Babylon.js,Procedural_Static_Disallow_Managed,1354,210,54230,27,1495
BabylonJS/Babylon.js,Scripting_Dynamic_Allow_Managed,58510,13364,14209168,162,2358
BabylonJS/Babylon.js,Scripting_Dynamic_Disallow_Managed,208,48,14337,26,1561
Blankj/AndroidUtilCode,Procedural_Static_Disallow_Managed,4928,7,201153,33,1214
Blankj/AndroidUtilCode,Scripting_Dynamic_Allow_Managed,11621,0,633276,2,283
BradLarson/GPUImage,Functional_Static_Disallow_Managed,43,15,2026,4,614
BradLarson/GPUImage,Procedural_Static_Allow_Unmanaged,4224,1024,68603,150,1562
CMU-Perceptual-Computing-Lab/openpose,Procedural_Static_Allow_Unmanaged,4729,847,88672,27,927
CMU-Perceptual-Computing-Lab/openpose,Scripting_Dynamic_Disallow_Managed,149,30,2362,7,823
CachetHQ/Cachet,Scripting_Dynamic_Allow_Managed,14539,3249,547929,161,1822
Carthage/Carthage,Functional_Static_Disallow_Managed,5720,744,62345,136,1811
Carthage/Carthage,Procedural_Static_Allow_Unmanaged,1721,317,39867,11,1542
CocoaLumberjack/CocoaLumberjack,Functional_Static_Disallow_Managed,202,41,1959,25,1850
CocoaLumberjack/CocoaLumberjack,Procedural_Static_Allow_Unmanaged,2819,522,76931,139,3437
CocoaPods/CocoaPods,Functional_Static_Disallow_Managed,153,30,19029,11,1772
CocoaPods/CocoaPods,Procedural_Static_Allow_Unmanaged,1031,65,35239,25,3004
CocoaPods/CocoaPods,Scripting_Dynamic_Disallow_Managed,11308,2206,141622,330,3037
CodeHubApp/CodeHub,Procedural_Static_Disallow_Managed,7095,936,140951,4,1947
CodeHubApp/CodeHub,Scripting_Dynamic_Allow_Managed,42,4,3098,1,1497
CoderMJLee/MJRefresh,Procedural_Static_Allow_Unmanaged,794,136,10596,49,2014
ColorlibHQ/AdminLTE,Scripting_Dynamic_Allow_Managed,4865,361,1000616,30,2171
CorsixTH/CorsixTH,Procedural_Dynamic_Allow_Managed,7923,3125,221821,92,3765
CorsixTH/CorsixTH,Procedural_Static_Allow_Unmanaged,2240,570,166894,33,3725
CorsixTH/CorsixTH,Procedural_Static_Disallow_Managed,113,22,20554,6,2017
CorsixTH/CorsixTH,Scripting_Dynamic_Disallow_Managed,42,3,419,6,1757
CosmicMind/Material,Functional_Static_Disallow_Managed,9859,787,203784,64,1510
CosmicMind/Material,Procedural_Static_Allow_Unmanaged,22,0,158,4,1274
CymChad/BaseRecyclerViewAdapterHelper,Procedural_Static_Disallow_Managed,1137,279,18207,55,1330
DefinitelyTyped/DefinitelyTyped,Scripting_Dynamic_Allow_Managed,186,13,1371318,27,2201
Dogfalo/materialize,Scripting_Dynamic_Allow_Managed,2836,808,107743,143,1826
EOSIO/eos,Procedural_Static_Allow_Unmanaged,19626,3273,621283,149,939
EOSIO/eos,Scripting_Dynamic_Allow_Managed,3466,436,137588,19,746
EOSIO/eos,Scripting_Dynamic_Disallow_Managed,859,134,26540,41,894
Eugeny/terminus,Scripting_Dynamic_Allow_Managed,365,105,2501,3,1065
FFmpeg/FFmpeg,Procedural_Static_Allow_Unmanaged,141245,31330,2986963,1928,6930
FFmpeg/FFmpeg,Scripting_Dynamic_Allow_Managed,45,8,1454,17,4786
FFmpeg/FFmpeg,Scripting_Dynamic_Disallow_Managed,17,0,601,3,2408
FelisCatus/SwitchyOmega,Scripting_Dynamic_Allow_Managed,584,327,8033,2,1436
Flipboard/FLEX,Procedural_Static_Allow_Unmanaged,1724,254,35093,68,2011
FriendsOfPHP/PHP-CS-Fixer,Scripting_Dynamic_Allow_Managed,15214,3760,320059,247,2762
Genymobile/scrcpy,Procedural_Static_Allow_Unmanaged,1123,285,16031,20,727
Genymobile/scrcpy,Procedural_Static_Disallow_Managed,325,82,4339,9,723
GoogleCloudPlatform/microservices-demo,Procedural_Static_Disallow_Managed,429,72,38156,18,429
GoogleCloudPlatform/microservices-demo,Scripting_Dynamic_Allow_Managed,53,15,674,7,334
GoogleCloudPlatform/microservices-demo,Scripting_Dynamic_Disallow_Managed,68,10,5952,9,463
HangfireIO/Hangfire,Procedural_Static_Disallow_Managed,10888,1231,182204,97,2310
HangfireIO/Hangfire,Scripting_Dynamic_Allow_Managed,262,24,115055,10,2265
HangfireIO/Hangfire,Scripting_Dynamic_Disallow_Managed,10,2,283,2,140
HeroTransitions/Hero,Functional_Static_Disallow_Managed,1080,351,15025,54,1046
Homebrew/brew,Functional_Static_Disallow_Managed,10,5,164,3,858
Homebrew/brew,Scripting_Dynamic_Disallow_Managed,32926,5069,319206,661,3856
Homebrew/homebrew-cask,Scripting_Dynamic_Disallow_Managed,113085,5501,332472,7266,2832
Homebrew/homebrew-core,Scripting_Dynamic_Disallow_Managed,181900,12278,841651,10748,3841
IBAnimatable/IBAnimatable,Functional_Static_Disallow_Managed,5782,1155,52474,42,1454
IBM-Swift/Kitura,Functional_Static_Disallow_Managed,1721,263,43215,79,1367
IdentityServer/IdentityServer4,Procedural_Static_Disallow_Managed,9772,394,158846,88,1480
IdentityServer/IdentityServer4,Scripting_Dynamic_Allow_Managed,504,2,569120,3,1435
Instagram/IGListKit,Functional_Static_Disallow_Managed,708,130,5829,41,1135
Instagram/IGListKit,Procedural_Static_Allow_Unmanaged,2045,531,25580,114,1149
Intervention/image,Scripting_Dynamic_Allow_Managed,1588,402,26936,88,2477
JakeWharton/butterknife,Procedural_Static_Disallow_Managed,2111,132,42841,57,2438
JamesNK/Newtonsoft.Json,Procedural_Static_Disallow_Managed,11547,3704,414797,103,4463
JeffreySu/WeiXinMPSDK,Procedural_Static_Disallow_Managed,21890,152,406833,130,2519
JeffreySu/WeiXinMPSDK,Scripting_Dynamic_Allow_Managed,523,4,228543,8,2500
JeremySkinner/FluentValidation,Procedural_Static_Disallow_Managed,4357,722,78726,122,3635
JohnCoates/Aerial,Functional_Static_Disallow_Managed,742,214,21822,11,1501
KnightOS/KnightOS,Procedural_Static_Disallow_Managed,58,18,1205,2,223
Kong/kong,Procedural_Dynamic_Allow_Managed,15167,3411,394216,164,1849
Kong/kong,Scripting_Dynamic_Allow_Managed,9,1,187,5,450
Kong/kong,Scripting_Dynamic_Disallow_Managed,15,0,451,1,68
Leonidas-from-XIV/node-xml2js,Scripting_Dynamic_Allow_Managed,377,87,4733,50,3334
MahApps/MahApps.Metro,Procedural_Static_Disallow_Managed,4789,1073,132375,168,3234
Mantle/Mantle,Procedural_Static_Allow_Unmanaged,1430,224,21308,53,2062
MaterialDesignInXAML/MaterialDesignInXamlToolkit,Procedural_Static_Disallow_Managed,1659,320,46826,86,1764
MonoGame/MonoGame,Procedural_Static_Disallow_Managed,20147,5469,713740,375,3738
Moya/Moya,Functional_Static_Disallow_Managed,3755,571,96772,115,1789
Moya/Moya,Procedural_Static_Allow_Unmanaged,2633,64,53517,10,913
NancyFx/Nancy,Procedural_Static_Disallow_Managed,11854,1776,207187,329,3221
NancyFx/Nancy,Scripting_Dynamic_Allow_Managed,70,7,4856,8,1842
NancyFx/Nancy,Scripting_Dynamic_Disallow_Managed,65,12,868,11,2246
NationalSecurityAgency/ghidra,Procedural_Static_Allow_Unmanaged,523,94,135650,16,244
NationalSecurityAgency/ghidra,Procedural_Static_Disallow_Managed,15325,2556,2085466,42,260
NationalSecurityAgency/ghidra,Scripting_Dynamic_Disallow_Managed,50,12,14515,9,199
NativeScript/NativeScript,Procedural_Static_Allow_Unmanaged,35,2,751,8,1267
NativeScript/NativeScript,Procedural_Static_Disallow_Managed,382,88,24113,36,1582
NativeScript/NativeScript,Scripting_Dynamic_Allow_Managed,247,45,16902,30,1736
Netflix/Hystrix,Procedural_Static_Disallow_Managed,3307,453,163335,95,2215
Netflix/Hystrix,Scripting_Dynamic_Allow_Managed,29,11,1006,12,1859
Netflix/atlas,Functional_Static_Disallow_Managed,5228,1666,67990,18,1824
Netflix/atlas,Procedural_Static_Disallow_Managed,69,23,898,4,1756
NickeManarin/ScreenToGif,Procedural_Static_Disallow_Managed,3130,773,206413,27,2239
OpenEmu/OpenEmu,Functional_Static_Disallow_Managed,164,35,6200,8,1466
OpenEmu/OpenEmu,Procedural_Static_Allow_Unmanaged,28586,3923,2079114,86,3960
OpenKore/openkore,Procedural_Static_Allow_Unmanaged,9107,302,1144389,26,5626
OpenKore/openkore,Procedural_Static_Disallow_Managed,169,20,11335,4,3481
OpenKore/openkore,Scripting_Dynamic_Allow_Managed,38647,5288,4004120,124,5868
OpenKore/openkore,Scripting_Dynamic_Disallow_Managed,7704,378,776349,12,4829
OpenNMT/OpenNMT,Procedural_Dynamic_Allow_Managed,2714,471,59729,44,838
OpenNMT/OpenNMT,Scripting_Dynamic_Disallow_Managed,53,2,2526,13,619
OpenRA/OpenRA,Procedural_Dynamic_Allow_Managed,1366,285,38916,40,2144
OpenRA/OpenRA,Procedural_Static_Allow_Unmanaged,321,59,7056,6,2320
OpenRA/OpenRA,Procedural_Static_Disallow_Managed,58403,10056,601210,290,4555
OpenRA/OpenRA,Scripting_Dynamic_Allow_Managed,31,0,412,4,190
Openarl/PathOfBuilding,Procedural_Dynamic_Allow_Managed,4619,1351,506990,35,1315
PHPMailer/PHPMailer,Scripting_Dynamic_Allow_Managed,1609,300,44010,169,4045
PHPOffice/PHPExcel,Scripting_Dynamic_Allow_Managed,4471,1038,284133,66,2225
PerfectlySoft/Perfect,Functional_Static_Disallow_Managed,1625,123,45778,37,1254
PerfectlySoft/Perfect,Procedural_Static_Allow_Unmanaged,3198,14,414120,4,231
PhilJay/MPAndroidChart,Procedural_Static_Disallow_Managed,7343,1740,144887,63,1827
PowerShell/PowerShell,Procedural_Static_Allow_Unmanaged,1062,138,24193,38,1327
PowerShell/PowerShell,Procedural_Static_Disallow_Managed,22375,3772,1343590,205,1656
PowerShell/PowerShell,Scripting_Dynamic_Allow_Managed,7,3,112,1,839
Quick/Quick,Functional_Static_Disallow_Managed,1530,150,13234,60,1960
Quick/Quick,Procedural_Static_Allow_Unmanaged,556,59,3577,39,1929
ReactTraining/react-router,Scripting_Dynamic_Allow_Managed,8671,1552,576300,291,1990
ReactiveCocoa/ReactiveCocoa,Functional_Static_Disallow_Managed,5263,505,106572,141,2000
ReactiveCocoa/ReactiveCocoa,Procedural_Static_Allow_Unmanaged,8169,696,90480,102,2839
ReactiveX/RxJava,Functional_Static_Disallow_Managed,1049,119,22463,24,579
ReactiveX/RxJava,Procedural_Static_Disallow_Managed,34234,10046,1471601,231,2808
ReactiveX/RxSwift,Functional_Static_Disallow_Managed,14181,2070,232764,266,1619
ReactiveX/RxSwift,Procedural_Static_Allow_Unmanaged,239,39,4987,14,1459
ReactiveX/RxSwift,Scripting_Dynamic_Allow_Managed,82,19,986,2,386
ReactiveX/rxjs,Scripting_Dynamic_Allow_Managed,4003,322,102588,61,1718
RestKit/RestKit,Procedural_Static_Allow_Unmanaged,11668,2233,232323,192,3238
RestKit/RestKit,Scripting_Dynamic_Allow_Managed,28,1,13781,4,682
RestKit/RestKit,Scripting_Dynamic_Disallow_Managed,1402,32,14592,17,1900
ReturnInfinity/BareMetal-OS-legacy,Procedural_Static_Allow_Unmanaged,140,26,3208,7,1997
SDWebImage/SDWebImage,Procedural_Static_Allow_Unmanaged,3814,984,50210,245,3728
SVProgressHUD/SVProgressHUD,Procedural_Static_Allow_Unmanaged,680,234,8208,108,2986
Seldaek/monolog,Scripting_Dynamic_Allow_Managed,3471,1303,43306,375,3215
SeleniumHQ/selenium,Procedural_Static_Allow_Unmanaged,8668,1424,1215771,46,4517
SeleniumHQ/selenium,Procedural_Static_Disallow_Managed,58721,6702,1278889,284,5515
SeleniumHQ/selenium,Scripting_Dynamic_Allow_Managed,24879,4239,1915793,181,5510
SeleniumHQ/selenium,Scripting_Dynamic_Disallow_Managed,15914,2348,429912,282,5512
ShareX/ShareX,Procedural_Static_Disallow_Managed,21566,2419,399519,162,2226
Shopify/liquid,Scripting_Dynamic_Disallow_Managed,2377,489,21576,143,4184
SignalR/SignalR,Procedural_Static_Disallow_Managed,13431,2663,207391,88,3005
SignalR/SignalR,Scripting_Dynamic_Allow_Managed,3918,898,327386,41,2810
SnapKit/SnapKit,Functional_Static_Disallow_Managed,629,125,13828,57,1951
Sonarr/Sonarr,Procedural_Static_Disallow_Managed,30962,6445,455710,122,3362
Sonarr/Sonarr,Scripting_Dynamic_Allow_Managed,9054,971,1094786,36,3352
SpinalHDL/VexRiscv,Functional_Static_Disallow_Managed,1591,254,30324,9,969
SpinalHDL/VexRiscv,Procedural_Static_Allow_Unmanaged,239,55,11245,5,864
SpinalHDL/VexRiscv,Scripting_Dynamic_Disallow_Managed,13,1,147,2,208
StackExchange/Dapper,Procedural_Static_Disallow_Managed,2515,463,71583,162,3138
SwifterSwift/SwifterSwift,Functional_Static_Disallow_Managed,3126,456,85130,109,1216
SwifterSwift/SwifterSwift,Procedural_Static_Allow_Unmanaged,19,2,105,2,440
SwiftyJSON/SwiftyJSON,Functional_Static_Disallow_Managed,547,89,11204,81,1748
TTTAttributedLabel/TTTAttributedLabel,Procedural_Static_Allow_Unmanaged,529,150,6923,102,2019
Tencent/mars,Procedural_Static_Allow_Unmanaged,9138,831,868316,35,1063
Tencent/mars,Procedural_Static_Disallow_Managed,258,108,3988,9,1021
Tencent/mars,Scripting_Dynamic_Disallow_Managed,158,55,3768,12,1058
Tencent/tinker,Procedural_Static_Disallow_Managed,1053,339,21878,20,1163
Tencent/wcdb,Functional_Static_Disallow_Managed,2063,138,42519,8,500
Tencent/wcdb,Procedural_Static_Allow_Unmanaged,2836,139,131496,11,741
Tencent/wcdb,Procedural_Static_Disallow_Managed,215,31,7056,2,770
TheAlgorithms/Java,Procedural_Static_Disallow_Managed,1450,458,36447,177,1242
TheAlgorithms/Python,Scripting_Dynamic_Disallow_Managed,2565,254,76794,400,1239
Unitech/pm2,Scripting_Dynamic_Allow_Managed,5267,1215,86580,193,2394
Unitech/pm2,Scripting_Dynamic_Disallow_Managed,9,1,42,3,1817
WenchaoD/FSCalendar,Functional_Static_Disallow_Managed,84,12,1637,6,1131
WenchaoD/FSCalendar,Procedural_Static_Allow_Unmanaged,2211,426,33021,24,1753
WordPress/WordPress,Scripting_Dynamic_Allow_Managed,97090,47942,2802851,93,6098
Wox-launcher/Wox,Procedural_Static_Allow_Unmanaged,14,1,345,1,18
Wox-launcher/Wox,Procedural_Static_Disallow_Managed,4205,789,80366,76,2009
Wox-launcher/Wox,Scripting_Dynamic_Disallow_Managed,3027,315,430250,5,1207
XX-net/XX-Net,Procedural_Static_Allow_Unmanaged,34,2,109548,4,515
XX-net/XX-Net,Scripting_Dynamic_Allow_Managed,305,64,1134,9,1283
XX-net/XX-Net,Scripting_Dynamic_Disallow_Managed,7814,2091,753028,59,1683
activeadmin/activeadmin,Scripting_Dynamic_Allow_Managed,503,69,36914,53,3518
activeadmin/activeadmin,Scripting_Dynamic_Disallow_Managed,7727,1420,65623,385,3525
adam-p/markdown-here,Scripting_Dynamic_Allow_Managed,744,268,57347,6,2330
adobe/brackets,Procedural_Static_Allow_Unmanaged,86,7,10150,11,1457
adobe/brackets,Scripting_Dynamic_Allow_Managed,24718,5855,1169058,425,2911
adobe/brackets,Scripting_Dynamic_Disallow_Managed,11,3,430,6,1509
airbnb/Lona,Functional_Static_Disallow_Managed,3967,216,94794,11,775
airbnb/Lona,Scripting_Dynamic_Allow_Managed,3262,106,72735,10,755
airbnb/aerosolve,Functional_Static_Disallow_Managed,839,67,27170,19,1298
airbnb/aerosolve,Procedural_Static_Disallow_Managed,894,101,25909,12,769
airbnb/javascript,Scripting_Dynamic_Allow_Managed,637,106,5087,85,1953
airbnb/lottie-android,Procedural_Static_Disallow_Managed,3770,893,56960,69,1215
airbnb/lottie-ios,Functional_Static_Disallow_Managed,485,102,14290,31,689
airbnb/lottie-ios,Procedural_Static_Allow_Unmanaged,2284,244,27139,76,1177
airbnb/react-sketchapp,Scripting_Dynamic_Allow_Managed,1666,497,24058,38,1097
akka/akka,Functional_Static_Disallow_Managed,89853,12299,1442225,764,3949
akka/akka,Procedural_Static_Disallow_Managed,14639,1596,612988,295,3949
akka/akka,Scripting_Dynamic_Allow_Managed,185,6,27686,18,3323
akka/akka,Scripting_Dynamic_Disallow_Managed,75,13,895,21,2226
akveo/ngx-admin,Scripting_Dynamic_Allow_Managed,11,0,41,4,338
alcatraz/Alcatraz,Procedural_Static_Allow_Unmanaged,1034,110,9960,27,1226
alexazhou/VeryNginx,Procedural_Dynamic_Allow_Managed,353,88,5139,12,1000
alexazhou/VeryNginx,Scripting_Dynamic_Allow_Managed,243,62,3903,4,230
alexazhou/VeryNginx,Scripting_Dynamic_Disallow_Managed,72,9,1014,6,1237
algorithm-archivists/algorithm-archive,Functional_Static_Disallow_Managed,32,10,692,5,177
algorithm-archivists/algorithm-archive,Procedural_Static_Allow_Unmanaged,209,113,5656,20,678
algorithm-archivists/algorithm-archive,Procedural_Static_Disallow_Managed,199,78,3620,18,534
algorithm-archivists/algorithm-archive,Scripting_Dynamic_Allow_Managed,70,25,1450,12,630
algorithm-archivists/algorithm-archive,Scripting_Dynamic_Disallow_Managed,85,34,1654,26,665
alibaba/arthas,Procedural_Static_Disallow_Managed,807,140,44969,42,466
alibaba/arthas,Scripting_Dynamic_Allow_Managed,15,1,18908,2,453
alibaba/arthas,Scripting_Dynamic_Disallow_Managed,18,2,723,1,368
alibaba/druid,Procedural_Static_Disallow_Managed,36473,11605,806785,169,3120
alibaba/druid,Scripting_Dynamic_Allow_Managed,166,19,15361,21,2660
alibaba/fastjson,Procedural_Static_Disallow_Managed,13986,2279,334729,134,3048
alibaba/tengine,Procedural_Static_Allow_Unmanaged,3784,415,383621,86,2929
alibaba/tengine,Scripting_Dynamic_Allow_Managed,121,3,19350,19,2653
allinurl/goaccess,Procedural_Static_Allow_Unmanaged,3423,820,80077,65,3429
allinurl/goaccess,Scripting_Dynamic_Allow_Managed,142,60,6331,9,1378
andlabs/libui,Functional_Static_Disallow_Managed,124,38,1935,1,1318
andlabs/libui,Procedural_Static_Allow_Unmanaged,7935,1536,144331,12,1623
andlabs/libui,Procedural_Static_Disallow_Managed,40,4,1562,1,1432
angular-ui/angular-google-maps,Scripting_Dynamic_Allow_Managed,6230,1552,1023473,114,1603
angular-ui/ui-router,Scripting_Dynamic_Allow_Managed,1860,575,393002,139,2170
angular/angular,Scripting_Dynamic_Allow_Managed,13149,2615,400105,185,1904
angular/angular-cli,Scripting_Dynamic_Allow_Managed,1677,387,178017,96,1665
angular/angular.js,Procedural_Static_Disallow_Managed,45,4,2,9,2912
angular/angular.js,Scripting_Dynamic_Allow_Managed,26163,9022,646606,1182,3592
angular/angular.js,Scripting_Dynamic_Disallow_Managed,10,1,71,3,1334
angular/components,Scripting_Dynamic_Allow_Managed,455,122,7549,36,1435
ansible/ansible,Procedural_Static_Disallow_Managed,33,17,4522,5,750
ansible/ansible,Scripting_Dynamic_Allow_Managed,351,50,4963,18,2729
ansible/ansible,Scripting_Dynamic_Disallow_Managed,76098,29472,2585532,4828,2866
ant-design/ant-design,Scripting_Dynamic_Allow_Managed,6527,1748,83636,297,1676
ant-design/ant-design-pro,Scripting_Dynamic_Allow_Managed,3992,1282,60594,198,830
antirez/redis,Procedural_Static_Allow_Unmanaged,10996,3098,345843,341,3915
antirez/redis,Scripting_Dynamic_Disallow_Managed,272,61,7434,19,3619
apache/dubbo,Procedural_Static_Allow_Unmanaged,14,2,2420,1,97
apache/dubbo,Procedural_Static_Disallow_Managed,27660,3017,814582,298,2973
apache/incubator-apisix,Procedural_Dynamic_Allow_Managed,888,185,16778,21,244
apache/incubator-apisix,Scripting_Dynamic_Allow_Managed,42,7,399,7,213
apache/incubator-mxnet,Functional_Static_Disallow_Managed,2126,550,51900,58,1429
apache/incubator-mxnet,Procedural_Static_Allow_Unmanaged,11393,5056,424273,398,1685
apache/incubator-mxnet,Procedural_Static_Disallow_Managed,117,23,7329,10,1310
apache/incubator-mxnet,Scripting_Dynamic_Allow_Managed,745,285,66450,38,1302
apache/incubator-mxnet,Scripting_Dynamic_Disallow_Managed,10363,4765,386177,604,1627
apache/incubator-weex,Procedural_Static_Allow_Unmanaged,13259,2663,704221,171,1276
apache/incubator-weex,Procedural_Static_Disallow_Managed,14430,2579,479642,128,1325
apache/incubator-weex,Scripting_Dynamic_Allow_Managed,9465,1753,1594537,82,1297
apache/incubator-weex,Scripting_Dynamic_Disallow_Managed,67,0,22205,7,452
apache/openwhisk,Functional_Static_Disallow_Managed,7612,1045,180063,122,1387
apache/openwhisk,Procedural_Static_Allow_Unmanaged,11,2,31,5,574
apache/openwhisk,Procedural_Static_Disallow_Managed,1028,222,34558,50,1327
apache/openwhisk,Scripting_Dynamic_Allow_Managed,393,55,11399,49,1322
apache/openwhisk,Scripting_Dynamic_Disallow_Managed,293,59,5300,40,1329
apache/predictionio,Functional_Static_Disallow_Managed,9656,913,201771,77,2468
apache/predictionio,Procedural_Static_Disallow_Managed,1141,39,9658,13,1634
apache/predictionio,Scripting_Dynamic_Allow_Managed,542,16,67319,11,1634
apache/predictionio,Scripting_Dynamic_Disallow_Managed,414,46,7929,30,2029
apache/spark,Functional_Static_Disallow_Managed,86113,22245,1712826,1832,3538
apache/spark,Procedural_Static_Allow_Unmanaged,26,0,49,4,1651
apache/spark,Procedural_Static_Disallow_Managed,8606,1885,315814,428,3537
apache/spark,Scripting_Dynamic_Allow_Managed,209,52,10295,63,3296
apache/spark,Scripting_Dynamic_Disallow_Managed,6289,1481,158386,546,3403
apollographql/apollo-client,Scripting_Dynamic_Allow_Managed,363,60,28119,31,1357
apple/swift,Functional_Static_Disallow_Managed,132740,24359,1597909,665,3432
apple/swift,Procedural_Static_Allow_Unmanaged,143459,27156,2531290,580,3433
apple/swift,Scripting_Dynamic_Allow_Managed,9,2,719,7,2179
apple/swift,Scripting_Dynamic_Disallow_Managed,2711,612,57305,162,2695
apple/swift-package-manager,Functional_Static_Disallow_Managed,11841,1810,165782,236,1501
apple/swift-package-manager,Procedural_Static_Allow_Unmanaged,114,6,857,10,1288
aria2/aria2,Procedural_Static_Allow_Unmanaged,29652,4040,464276,34,4984
aria2/aria2,Scripting_Dynamic_Disallow_Managed,14,2,576,2,2103
arut/nginx-rtmp-module,Procedural_Static_Allow_Unmanaged,1407,398,51485,10,2029
aspnet/AspNetCore,Procedural_Static_Allow_Unmanaged,4318,352,265968,21,1184
aspnet/AspNetCore,Procedural_Static_Disallow_Managed,173068,20542,3490406,673,2190
aspnet/AspNetCore,Scripting_Dynamic_Allow_Managed,4435,512,820537,78,2129
aspnet/AspNetCore,Scripting_Dynamic_Disallow_Managed,197,1,16847,6,389
aspnet/AspNetCore.Docs,Procedural_Static_Disallow_Managed,18678,2402,380193,238,1712
aspnet/AspNetCore.Docs,Scripting_Dynamic_Allow_Managed,6492,677,2673901,57,1708
aspnet/AspNetCore.Docs,Scripting_Dynamic_Disallow_Managed,92,5,1729,11,626
aspnet/EntityFrameworkCore,Procedural_Static_Disallow_Managed,94379,21051,2134172,214,2147
aspnet/Mvc,Procedural_Static_Disallow_Managed,40342,8071,745148,196,1810
aspnet/Mvc,Scripting_Dynamic_Allow_Managed,55,7,443,12,1230
aspnetboilerplate/aspnetboilerplate,Procedural_Static_Disallow_Managed,16842,4221,236066,127,2305
aspnetboilerplate/aspnetboilerplate,Scripting_Dynamic_Allow_Managed,1779,221,494310,27,2304
astaxie/beego,Procedural_Static_Disallow_Managed,6842,1542,304645,394,2814
atom/vim-mode,Scripting_Dynamic_Allow_Managed,1502,370,19176,84,1020
awesomeWM/awesome,Procedural_Dynamic_Allow_Managed,4747,1250,90290,159,4222
awesomeWM/awesome,Procedural_Static_Allow_Unmanaged,11793,1548,129882,126,4459
awesomeWM/awesome,Scripting_Dynamic_Disallow_Managed,15,0,381,2,53
axios/axios,Scripting_Dynamic_Allow_Managed,1060,208,47001,123,1938
axkibe/lsyncd,Procedural_Dynamic_Allow_Managed,686,150,23786,19,2702
axkibe/lsyncd,Procedural_Static_Allow_Unmanaged,345,62,15740,5,3569
babel/babel,Scripting_Dynamic_Allow_Managed,74572,12231,903557,707,2634
bang590/JSPatch,Procedural_Static_Allow_Unmanaged,760,169,40447,50,1038
bang590/JSPatch,Scripting_Dynamic_Allow_Managed,183,38,6733,29,1038
barryvdh/laravel-debugbar,Scripting_Dynamic_Allow_Managed,864,227,11568,94,2283
barryvdh/laravel-ide-helper,Scripting_Dynamic_Allow_Managed,488,163,19303,114,2396
basecamp/pow,Scripting_Dynamic_Allow_Managed,787,82,13189,16,2655
basecamp/trix,Scripting_Dynamic_Allow_Managed,4906,836,75790,20,2112
basecamp/trix,Scripting_Dynamic_Disallow_Managed,46,1,751,2,597
bcit-ci/CodeIgniter,Scripting_Dynamic_Allow_Managed,15972,3693,287899,526,4811
bcit-ci/CodeIgniter,Scripting_Dynamic_Disallow_Managed,75,4,513,15,2905
bergie/hallo,Scripting_Dynamic_Allow_Managed,1029,250,101765,28,2040
beyondgrep/ack1,Scripting_Dynamic_Allow_Managed,591,72,5527,24,2088
beyondgrep/ack2,Scripting_Dynamic_Allow_Managed,898,108,13148,38,2966
bilibili/ijkplayer,Procedural_Static_Allow_Unmanaged,4329,495,95974,45,1702
bilibili/ijkplayer,Procedural_Static_Disallow_Managed,876,61,17653,21,1702
bitcoin/bitcoin,Procedural_Static_Allow_Unmanaged,32012,5421,581049,618,3754
bitcoin/bitcoin,Scripting_Dynamic_Disallow_Managed,4996,532,72697,210,3097
blueimp/jQuery-File-Upload,Procedural_Static_Disallow_Managed,28,2,1033,3,2517
blueimp/jQuery-File-Upload,Scripting_Dynamic_Allow_Managed,1021,270,54881,90,3279
blueimp/jQuery-File-Upload,Scripting_Dynamic_Disallow_Managed,24,0,356,2,1918
brendangregg/FlameGraph,Scripting_Dynamic_Allow_Managed,217,45,4322,50,2869
briannesbitt/Carbon,Scripting_Dynamic_Allow_Managed,12973,3404,399243,240,2650
briansmith/ring,Procedural_Static_Allow_Unmanaged,19688,3221,555358,118,1872
briansmith/ring,Procedural_Static_Disallow_Managed,2101,363,80038,32,1812
briansmith/ring,Scripting_Dynamic_Allow_Managed,1174,247,64958,15,1849
briansmith/ring,Scripting_Dynamic_Disallow_Managed,268,23,12632,25,1609
bumptech/glide,Procedural_Static_Disallow_Managed,15532,2999,287178,141,2537
caddyserver/caddy,Procedural_Static_Disallow_Managed,8718,2819,934174,264,1786
capistrano/capistrano,Scripting_Dynamic_Allow_Managed,106,3,33696,4,1565
capistrano/capistrano,Scripting_Dynamic_Disallow_Managed,1419,494,14470,127,2430
carrierwaveuploader/carrierwave,Scripting_Dynamic_Disallow_Managed,2776,555,37531,286,4047
ccgus/fmdb,Functional_Static_Disallow_Managed,10,0,236,4,1750
ccgus/fmdb,Procedural_Static_Allow_Unmanaged,710,144,16260,67,3124
cdr/code-server,Scripting_Dynamic_Allow_Managed,269,74,16851,9,295
cefsharp/CefSharp,Procedural_Static_Allow_Unmanaged,5907,883,94934,104,3291
cefsharp/CefSharp,Procedural_Static_Disallow_Managed,6354,1053,81170,128,3290
certbot/certbot,Procedural_Static_Allow_Unmanaged,12,0,161,2,1293
certbot/certbot,Scripting_Dynamic_Disallow_Managed,14675,2786,186246,290,2752
chaplinjs/chaplin,Scripting_Dynamic_Allow_Managed,2893,314,90850,61,2606
chaplinjs/chaplin,Scripting_Dynamic_Disallow_Managed,13,0,253,2,146
chartjs/Chart.js,Scripting_Dynamic_Allow_Managed,4874,1204,474429,229,2456
chocolatey/choco,Procedural_Static_Disallow_Managed,4080,812,67983,49,2169
chrisbanes/PhotoView,Procedural_Static_Disallow_Managed,560,113,10583,36,2325
chubin/cheat.sh,Scripting_Dynamic_Disallow_Managed,379,44,9203,11,895
cjdelisle/cjdns,Procedural_Dynamic_Allow_Managed,50,1,1214,7,807
cjdelisle/cjdns,Procedural_Static_Allow_Unmanaged,13249,1714,329455,98,3092
cjdelisle/cjdns,Scripting_Dynamic_Allow_Managed,741,95,39872,53,2659
cjdelisle/cjdns,Scripting_Dynamic_Disallow_Managed,698,22,53329,27,2243
cloudwu/skynet,Procedural_Dynamic_Allow_Managed,1737,304,34903,61,2684
cloudwu/skynet,Procedural_Static_Allow_Unmanaged,2104,346,89524,53,2675
cmusatyalab/openface,Procedural_Dynamic_Allow_Managed,238,54,6018,3,379
cmusatyalab/openface,Scripting_Dynamic_Allow_Managed,46,0,13465,5,1464
cmusatyalab/openface,Scripting_Dynamic_Disallow_Managed,403,79,6669,19,928
cockroachdb/cockroach,Procedural_Static_Allow_Unmanaged,2430,467,23904,54,1957
cockroachdb/cockroach,Procedural_Static_Disallow_Managed,104550,23054,3213200,297,2128
cockroachdb/cockroach,Scripting_Dynamic_Allow_Managed,470,67,176925,35,1796
cockroachdb/cockroach,Scripting_Dynamic_Disallow_Managed,107,20,2402,26,1447
cocos2d/cocos2d-x,Procedural_Dynamic_Allow_Managed,9710,424,272339,97,3100
cocos2d/cocos2d-x,Procedural_Static_Allow_Unmanaged,123492,25896,7662521,796,3444
cocos2d/cocos2d-x,Procedural_Static_Disallow_Managed,2015,625,69802,122,3288
cocos2d/cocos2d-x,Scripting_Dynamic_Allow_Managed,3239,694,277005,85,3076
cocos2d/cocos2d-x,Scripting_Dynamic_Disallow_Managed,1159,233,53475,78,3076
codecombat/codecombat,Scripting_Dynamic_Allow_Managed,37331,6175,1192368,782,2167
codecombat/codecombat,Scripting_Dynamic_Disallow_Managed,134,34,2512,17,1666
commaai/openpilot,Procedural_Static_Allow_Unmanaged,2348,135,384745,16,1086
commaai/openpilot,Scripting_Dynamic_Disallow_Managed,2913,260,134690,65,1078
composer/composer,Scripting_Dynamic_Allow_Managed,11055,4117,141552,732,3163
containous/traefik,Procedural_Static_Allow_Unmanaged,10,1,171,5,909
containous/traefik,Procedural_Static_Disallow_Managed,34376,4100,3801405,267,1552
containous/traefik,Scripting_Dynamic_Allow_Managed,270,4,7100,18,1537
ctripcorp/apollo,Procedural_Static_Disallow_Managed,5413,560,100241,64,1366
ctripcorp/apollo,Scripting_Dynamic_Allow_Managed,724,134,44489,17,1349
curl/curl,Procedural_Static_Allow_Unmanaged,31121,10240,470778,599,7273
curl/curl,Scripting_Dynamic_Allow_Managed,1718,377,35040,75,7273
curl/curl,Scripting_Dynamic_Disallow_Managed,47,3,20697,12,2431
d3/d3,Scripting_Dynamic_Allow_Managed,11002,3474,248648,98,3339
danielgindi/Charts,Functional_Static_Disallow_Managed,4878,990,84349,134,1696
danielgindi/Charts,Procedural_Static_Allow_Unmanaged,1658,168,31991,27,1450
deepfakes/faceswap,Scripting_Dynamic_Disallow_Managed,2358,1013,84517,67,723
denoland/deno,Procedural_Static_Allow_Unmanaged,584,110,7759,17,545
denoland/deno,Procedural_Static_Disallow_Managed,165,9,1988,10,39
denoland/deno,Scripting_Dynamic_Allow_Managed,386,58,65302,29,572
denoland/deno,Scripting_Dynamic_Disallow_Managed,724,99,8701,37,543
diaspora/diaspora,Scripting_Dynamic_Allow_Managed,6563,1075,158509,177,3412
diaspora/diaspora,Scripting_Dynamic_Disallow_Managed,25879,3910,211196,333,3415
dibyendumajumdar/ravi,Procedural_Dynamic_Allow_Managed,398,68,24562,5,1792
dibyendumajumdar/ravi,Procedural_Static_Allow_Unmanaged,3555,521,174866,7,1793
dingo/api,Scripting_Dynamic_Allow_Managed,2507,680,43206,107,2027
discourse/discourse,Scripting_Dynamic_Allow_Managed,35660,10824,1290814,237,2499
discourse/discourse,Scripting_Dynamic_Disallow_Managed,44944,16898,503314,494,2979
django/django,Scripting_Dynamic_Allow_Managed,737,416,62967,79,5248
django/django,Scripting_Dynamic_Disallow_Managed,63590,37226,818107,1609,5264
dmlc/xgboost,Functional_Static_Disallow_Managed,771,266,16891,51,1410
dmlc/xgboost,Procedural_Static_Allow_Unmanaged,4256,912,112922,113,2133
dmlc/xgboost,Procedural_Static_Disallow_Managed,410,81,11070,29,1889
dmlc/xgboost,Scripting_Dynamic_Disallow_Managed,1197,312,26443,179,2115
dmotz/oriDomi,Scripting_Dynamic_Allow_Managed,554,67,9381,4,1297
docker/compose,Scripting_Dynamic_Disallow_Managed,5846,1219,74603,268,2176
docpad/docpad,Scripting_Dynamic_Allow_Managed,2029,602,66641,39,2748
doczjs/docz,Scripting_Dynamic_Allow_Managed,1036,261,11333,32,634
domnikl/DesignPatternsPHP,Scripting_Dynamic_Allow_Managed,2226,319,16041,109,2944
domnikl/DesignPatternsPHP,Scripting_Dynamic_Disallow_Managed,11,4,299,2,1598
donnemartin/interactive-coding-challenges,Scripting_Dynamic_Disallow_Managed,1822,358,66103,40,1226
dotnet-architecture/eShopOnContainers,Procedural_Static_Disallow_Managed,7814,1128,177204,99,1169
dotnet-architecture/eShopOnContainers,Scripting_Dynamic_Allow_Managed,437,19,176876,16,978
dotnet/BenchmarkDotNet,Procedural_Static_Disallow_Managed,9328,2920,114477,97,2300
dotnet/BenchmarkDotNet,Scripting_Dynamic_Allow_Managed,23,0,621,3,923
dotnet/machinelearning,Procedural_Static_Allow_Unmanaged,80,22,7558,14,579
dotnet/machinelearning,Procedural_Static_Disallow_Managed,23493,3235,441780,117,585
dotnet/orleans,Procedural_Static_Disallow_Managed,25167,3339,501115,225,1782
dotnet/roslyn,Procedural_Static_Allow_Unmanaged,236,52,16366,11,888
dotnet/roslyn,Procedural_Static_Disallow_Managed,163351,27863,5176783,501,2093
drone/drone,Procedural_Static_Allow_Unmanaged,35,8,728434,3,1781
drone/drone,Procedural_Static_Disallow_Managed,14724,1036,965297,248,2132
drone/drone,Scripting_Dynamic_Allow_Managed,382,32,13591,14,859
dropbox/zxcvbn,Scripting_Dynamic_Allow_Managed,332,46,158327,18,1806
dropbox/zxcvbn,Scripting_Dynamic_Disallow_Managed,37,1,789,2,1350
duckduckgo/duckduckgo,Scripting_Dynamic_Allow_Managed,802,99,13325,33,2231
duckduckgo/zeroclickinfo-goodies,Scripting_Dynamic_Allow_Managed,6071,849,116307,471,2854
dzenbot/DZNEmptyDataSet,Procedural_Static_Allow_Unmanaged,1235,113,21345,44,1331
eczarny/spectacle,Procedural_Static_Allow_Unmanaged,1659,154,24987,17,3399
eczarny/spectacle,Scripting_Dynamic_Allow_Managed,79,8,667,3,344
elastic/elasticsearch,Procedural_Static_Disallow_Managed,284957,47194,5506919,724,3593
elastic/elasticsearch,Scripting_Dynamic_Allow_Managed,150,13,14777,16,1828
elastic/elasticsearch,Scripting_Dynamic_Disallow_Managed,357,57,19954,37,2259
elastic/kibana,Functional_Static_Disallow_Managed,8,0,276,3,83
elastic/kibana,Procedural_Dynamic_Allow_Managed,10,0,154,4,433
elastic/kibana,Procedural_Static_Allow_Unmanaged,42,0,1457,4,433
elastic/kibana,Procedural_Static_Disallow_Managed,373,38,5705,9,2024
elastic/kibana,Scripting_Dynamic_Allow_Managed,193514,29933,11225690,400,2227
elastic/kibana,Scripting_Dynamic_Disallow_Managed,153,9,3337,9,2009
elastic/logstash,Procedural_Static_Disallow_Managed,2959,2131,72138,36,3028
elastic/logstash,Scripting_Dynamic_Allow_Managed,209,33,27474,7,2853
elastic/logstash,Scripting_Dynamic_Disallow_Managed,11220,4335,183159,340,3777
electron/electron,Procedural_Static_Allow_Unmanaged,27782,5561,300021,301,2463
electron/electron,Scripting_Dynamic_Allow_Managed,8534,1531,123119,266,2432
electron/electron,Scripting_Dynamic_Disallow_Managed,1401,356,16686,67,2432
emscripten-core/emscripten,Procedural_Dynamic_Allow_Managed,10,0,587,2,2140
emscripten-core/emscripten,Procedural_Static_Allow_Unmanaged,12776,1275,1614971,251,3393
emscripten-core/emscripten,Scripting_Dynamic_Allow_Managed,13333,3439,788723,398,3394
emscripten-core/emscripten,Scripting_Dynamic_Disallow_Managed,12182,2547,198190,314,3394
envoyproxy/envoy,Procedural_Static_Allow_Unmanaged,36513,6549,681128,362,1217
envoyproxy/envoy,Procedural_Static_Disallow_Managed,12,5,355,10,1157
envoyproxy/envoy,Scripting_Dynamic_Disallow_Managed,537,102,17718,81,1217
erusev/parsedown,Scripting_Dynamic_Allow_Managed,500,108,9121,31,2068
esp8266/Arduino,Procedural_Static_Allow_Unmanaged,5500,1596,361328,299,1849
esp8266/Arduino,Scripting_Dynamic_Disallow_Managed,244,68,5774,49,1617
etcd-io/etcd,Procedural_Static_Allow_Unmanaged,12,1,91,8,1871
etcd-io/etcd,Procedural_Static_Disallow_Managed,31927,4801,1816137,367,2378
etcd-io/etcd,Scripting_Dynamic_Allow_Managed,140,21,26391,7,309
etcd-io/etcd,Scripting_Dynamic_Disallow_Managed,12,0,441,10,2018
ethereum/go-ethereum,Procedural_Static_Allow_Unmanaged,917,38,290406,11,1771
ethereum/go-ethereum,Procedural_Static_Disallow_Managed,32566,6015,2305161,461,2174
ethereum/go-ethereum,Scripting_Dynamic_Allow_Managed,1159,196,57285,37,2037
ethereum/go-ethereum,Scripting_Dynamic_Disallow_Managed,49,7,3551,11,1618
eugenp/tutorials,Functional_Static_Disallow_Managed,102,0,1788,11,1281
eugenp/tutorials,Procedural_Static_Disallow_Managed,47288,4162,822712,887,2416
eugenp/tutorials,Scripting_Dynamic_Allow_Managed,2818,26,624793,51,1863
eugenp/tutorials,Scripting_Dynamic_Disallow_Managed,12,0,581,6,1831
expo/expo,Procedural_Static_Allow_Unmanaged,205264,7679,8988946,93,1206
expo/expo,Procedural_Static_Disallow_Managed,28220,3449,1176423,103,1211
expo/expo,Scripting_Dynamic_Allow_Managed,31261,1803,2254346,105,1273
expo/expo,Scripting_Dynamic_Disallow_Managed,230,33,3578,12,1285
expressjs/express,Scripting_Dynamic_Allow_Managed,5979,894,76378,201,3620
facebook/SocketRocket,Procedural_Static_Allow_Unmanaged,432,81,7774,55,2281
facebook/SocketRocket,Scripting_Dynamic_Disallow_Managed,19,0,2476,3,1592
facebook/create-react-app,Scripting_Dynamic_Allow_Managed,2931,723,121073,423,1243
facebook/folly,Procedural_Static_Allow_Unmanaged,27475,5344,719591,718,2778
facebook/folly,Scripting_Dynamic_Disallow_Managed,467,87,13134,54,2746
facebook/fresco,Procedural_Static_Allow_Unmanaged,1153,443,274482,31,1695
facebook/fresco,Procedural_Static_Disallow_Managed,8835,1094,144077,264,1719
facebook/fresco,Scripting_Dynamic_Allow_Managed,88,29,24311,10,1678
facebook/fresco,Scripting_Dynamic_Disallow_Managed,18,2,363,7,1626
facebook/hhvm,Procedural_Static_Allow_Unmanaged,139062,27957,7759448,827,3597
facebook/hhvm,Scripting_Dynamic_Allow_Managed,145105,8411,1450715,626,3596
facebook/hhvm,Scripting_Dynamic_Disallow_Managed,1645,304,37177,159,3582
facebook/react,Procedural_Static_Allow_Unmanaged,20,4,906,4,1084
facebook/react,Scripting_Dynamic_Allow_Managed,33478,7300,921489,870,2387
facebook/react,Scripting_Dynamic_Disallow_Managed,29,12,461,16,1544
facebook/react-native,Procedural_Static_Allow_Unmanaged,23762,4039,376395,778,1775
facebook/react-native,Procedural_Static_Disallow_Managed,12360,1981,217881,561,1548
facebook/react-native,Scripting_Dynamic_Allow_Managed,30660,4404,1107873,1634,1771
facebook/react-native,Scripting_Dynamic_Disallow_Managed,24,4,701,14,1496
facebook/rocksdb,Procedural_Static_Allow_Unmanaged,31522,7141,797141,599,3189
facebook/rocksdb,Procedural_Static_Disallow_Managed,2201,328,82401,85,2609
facebook/rocksdb,Scripting_Dynamic_Allow_Managed,99,20,2413,22,2506
facebook/rocksdb,Scripting_Dynamic_Disallow_Managed,276,60,15981,58,2524
facebook/yoga,Functional_Static_Disallow_Managed,35,9,626,8,1034
facebook/yoga,Procedural_Static_Allow_Unmanaged,3350,542,190065,117,2055
facebook/yoga,Procedural_Static_Disallow_Managed,2385,388,108004,71,1902
facebook/yoga,Scripting_Dynamic_Allow_Managed,1466,277,57026,59,2024
facebook/yoga,Scripting_Dynamic_Disallow_Managed,48,10,524,14,1087
facebook/zstd,Procedural_Static_Allow_Unmanaged,9633,2444,281493,118,1775
facebook/zstd,Scripting_Dynamic_Disallow_Managed,104,18,2777,8,1257
faif/python-patterns,Scripting_Dynamic_Disallow_Managed,1017,187,10122,104,2717
faker-ruby/faker,Scripting_Dynamic_Disallow_Managed,4143,1006,38769,465,4398
fastlane/fastlane,Functional_Static_Disallow_Managed,1243,86,16284,60,1607
fastlane/fastlane,Procedural_Static_Allow_Unmanaged,343,101,2589,9,1323
fastlane/fastlane,Procedural_Static_Disallow_Managed,96,9,1962,18,1426
fastlane/fastlane,Scripting_Dynamic_Allow_Managed,41,8,380,5,483
fastlane/fastlane,Scripting_Dynamic_Disallow_Managed,20471,4553,220032,1046,1905
fatedier/frp,Procedural_Static_Disallow_Managed,5164,247,702291,34,1398
fatedier/frp,Scripting_Dynamic_Allow_Managed,88,8,1167,2,915
felixse/FluentTerminal,Procedural_Static_Disallow_Managed,1856,494,37980,30,682
felixse/FluentTerminal,Scripting_Dynamic_Allow_Managed,68,8,15469,7,493
filp/whoops,Scripting_Dynamic_Allow_Managed,958,261,11663,109,2456
flatpickr/flatpickr,Scripting_Dynamic_Allow_Managed,2668,695,51704,100,1658
fluent/fluentd,Scripting_Dynamic_Disallow_Managed,6674,1547,141423,196,3095
formatjs/react-intl,Scripting_Dynamic_Allow_Managed,1915,219,32509,52,2021
freeCodeCamp/devdocs,Scripting_Dynamic_Allow_Managed,1814,228,35385,39,2179
freeCodeCamp/devdocs,Scripting_Dynamic_Disallow_Managed,4197,236,46338,89,2192
freeCodeCamp/freeCodeCamp,Scripting_Dynamic_Allow_Managed,12320,3631,701391,293,2218
fxsjy/jieba,Scripting_Dynamic_Disallow_Managed,631,117,990344,38,2464
fzaninotto/Faker,Scripting_Dynamic_Allow_Managed,3482,1078,210165,492,2966
gatling/gatling,Functional_Static_Disallow_Managed,32842,2786,249856,119,3100
gatling/gatling,Procedural_Static_Disallow_Managed,1382,158,51518,23,3084
gatling/gatling,Scripting_Dynamic_Allow_Managed,63,8,1787,15,2783
gatling/gatling,Scripting_Dynamic_Disallow_Managed,15,0,289,4,1830
gatsbyjs/gatsby,Scripting_Dynamic_Allow_Managed,18327,6917,368556,1133,1643
gentilkiwi/mimikatz,Procedural_Static_Allow_Unmanaged,2032,455,410052,3,2058
getgrav/grav,Scripting_Dynamic_Allow_Managed,8735,1718,183146,130,1955
getsentry/sentry,Procedural_Dynamic_Allow_Managed,32,9,3870,6,1379
getsentry/sentry,Scripting_Dynamic_Allow_Managed,26551,5864,537712,131,3388
getsentry/sentry,Scripting_Dynamic_Disallow_Managed,46373,8464,1650427,371,4230
ggreer/the_silver_searcher,Procedural_Static_Allow_Unmanaged,1681,397,13868,171,2662
gin-gonic/gin,Procedural_Static_Disallow_Managed,1790,427,27413,198,1988
gin-gonic/gin,Scripting_Dynamic_Allow_Managed,14,5,304,3,1388
git/git,Procedural_Static_Allow_Unmanaged,41946,9490,598373,1087,5354
git/git,Scripting_Dynamic_Allow_Managed,476,131,18405,115,5293
git/git,Scripting_Dynamic_Disallow_Managed,402,114,16058,78,5168
gitbucket/gitbucket,Functional_Static_Disallow_Managed,5559,1115,83227,114,2434
gitbucket/gitbucket,Procedural_Static_Disallow_Managed,125,7,634,14,2328
gitbucket/gitbucket,Scripting_Dynamic_Allow_Managed,963,32,525789,19,2372
github/hub,Procedural_Static_Disallow_Managed,4403,542,367555,114,2436
github/hub,Scripting_Dynamic_Disallow_Managed,970,250,10385,62,3646
github/hubot-scripts,Scripting_Dynamic_Allow_Managed,2746,572,46606,798,1699
github/linguist,Procedural_Static_Allow_Unmanaged,416,50,114126,39,3050
github/linguist,Procedural_Static_Disallow_Managed,70,7,10292,14,2896
github/linguist,Scripting_Dynamic_Allow_Managed,250,24,49890,27,3072
github/linguist,Scripting_Dynamic_Disallow_Managed,2301,278,24968,235,3137
gitlabhq/gitlabhq,Scripting_Dynamic_Allow_Managed,28664,5121,1023264,521,2983
gitlabhq/gitlabhq,Scripting_Dynamic_Disallow_Managed,142312,23247,1633520,1545,2983
gnachman/iTerm2,Functional_Static_Disallow_Managed,59,16,2130,1,222
gnachman/iTerm2,Procedural_Static_Allow_Unmanaged,29341,9155,820896,157,3429
gnachman/iTerm2,Scripting_Dynamic_Allow_Managed,47,5,26533,5,1236
gnachman/iTerm2,Scripting_Dynamic_Disallow_Managed,3655,261,541904,16,3413
go-gitea/gitea,Procedural_Static_Allow_Unmanaged,20,3,269458,7,1111
go-gitea/gitea,Procedural_Static_Disallow_Managed,23203,8387,2102815,472,2127
go-gitea/gitea,Scripting_Dynamic_Allow_Managed,1250,221,235569,99,2123
go-kit/kit,Procedural_Static_Disallow_Managed,3004,354,94043,154,1732
godotengine/godot,Procedural_Static_Allow_Unmanaged,80838,23672,4716872,1145,2130
godotengine/godot,Procedural_Static_Disallow_Managed,1383,425,58481,74,2125
godotengine/godot,Scripting_Dynamic_Allow_Managed,419,244,76590,12,2107
godotengine/godot,Scripting_Dynamic_Disallow_Managed,1548,584,36564,179,2128
gogs/gogs,Procedural_Static_Disallow_Managed,12740,3108,884447,265,2126
gogs/gogs,Scripting_Dynamic_Allow_Managed,670,99,112330,39,2095
gohugoio/hugo,Procedural_Static_Disallow_Managed,10501,3887,225276,310,2350
gohugoio/hugo,Scripting_Dynamic_Allow_Managed,213,27,43998,7,2194
golang/go,Procedural_Static_Allow_Unmanaged,18845,5910,574019,191,4245
golang/go,Procedural_Static_Disallow_Managed,106428,29827,4466296,1643,4291
golang/go,Scripting_Dynamic_Allow_Managed,224,55,9853,49,3713
golang/go,Scripting_Dynamic_Disallow_Managed,274,99,12540,51,3475
gollum/gollum,Scripting_Dynamic_Allow_Managed,3522,82,453788,36,2104
gollum/gollum,Scripting_Dynamic_Disallow_Managed,1549,339,14587,120,3099
google/ExoPlayer,Procedural_Static_Allow_Unmanaged,119,20,4082,16,1738
google/ExoPlayer,Procedural_Static_Disallow_Managed,24169,4416,546858,211,1995
google/brotli,Procedural_Dynamic_Allow_Managed,10,3,134,4,389
google/brotli,Procedural_Static_Allow_Unmanaged,2248,805,164281,37,2111
google/brotli,Procedural_Static_Disallow_Managed,229,108,11210,2,906
google/brotli,Scripting_Dynamic_Allow_Managed,17,15,2704,2,613
google/brotli,Scripting_Dynamic_Disallow_Managed,139,27,4834,15,1730
google/flatbuffers,Procedural_Dynamic_Allow_Managed,55,35,2968,10,497
google/flatbuffers,Procedural_Static_Allow_Unmanaged,2531,995,85839,289,2141
google/flatbuffers,Procedural_Static_Disallow_Managed,1269,435,27069,105,2128
google/flatbuffers,Scripting_Dynamic_Allow_Managed,233,93,14154,39,2106
google/flatbuffers,Scripting_Dynamic_Disallow_Managed,204,97,8042,37,1812
google/googletest,Procedural_Static_Allow_Unmanaged,4354,865,129635,148,4166
google/googletest,Scripting_Dynamic_Disallow_Managed,543,98,19155,38,4166
google/gson,Procedural_Static_Disallow_Managed,3706,722,72524,77,4074
google/guava,Procedural_Static_Disallow_Managed,35495,7435,1260448,340,3736
google/leveldb,Procedural_Static_Allow_Unmanaged,1869,544,45736,44,3180
grafana/grafana,Procedural_Static_Allow_Unmanaged,579,6,535226,4,1767
grafana/grafana,Procedural_Static_Disallow_Managed,27338,4546,3793650,416,1951
grafana/grafana,Scripting_Dynamic_Allow_Managed,23069,2395,1708577,320,2509
grafana/grafana,Scripting_Dynamic_Disallow_Managed,22,1,1434,6,1796
greenrobot/EventBus,Procedural_Static_Disallow_Managed,934,61,15920,14,2683
grpc/grpc,Functional_Static_Disallow_Managed,20,5,252,6,1192
grpc/grpc,Procedural_Static_Allow_Unmanaged,72077,12518,1455445,396,1840
grpc/grpc,Procedural_Static_Disallow_Managed,4361,706,109392,77,1775
grpc/grpc,Scripting_Dynamic_Allow_Managed,3113,413,77803,49,1807
grpc/grpc,Scripting_Dynamic_Disallow_Managed,11666,1656,235165,221,1838
gulpjs/gulp,Scripting_Dynamic_Allow_Managed,443,62,4618,33,2132
guzzle/guzzle,Scripting_Dynamic_Allow_Managed,10370,1754,150995,254,3206
guzzle/guzzle,Scripting_Dynamic_Disallow_Managed,12,1,179,1,634
h2o/h2o,Procedural_Static_Allow_Unmanaged,11989,1391,470342,92,1939
h2o/h2o,Scripting_Dynamic_Allow_Managed,371,54,16786,14,1935
h2o/h2o,Scripting_Dynamic_Disallow_Managed,1366,18,61213,11,1536
h5bp/html5-boilerplate,Procedural_Static_Disallow_Managed,20,4,0,7,538
h5bp/html5-boilerplate,Scripting_Dynamic_Allow_Managed,354,59,58011,54,3559
hackiftekhar/IQKeyboardManager,Functional_Static_Disallow_Managed,929,272,22696,35,1915
hackiftekhar/IQKeyboardManager,Procedural_Static_Allow_Unmanaged,1761,661,48571,50,2492
hakimel/reveal.js,Scripting_Dynamic_Allow_Managed,1549,316,28881,179,2844
hankcs/HanLP,Procedural_Static_Disallow_Managed,3761,100,113302,32,1888
haoel/leetcode,Procedural_Static_Allow_Unmanaged,1264,108,26143,30,1807
haoel/leetcode,Procedural_Static_Disallow_Managed,223,0,4989,5,862
haoel/leetcode,Scripting_Dynamic_Disallow_Managed,75,0,1254,1,34
hashicorp/consul,Procedural_Static_Allow_Unmanaged,23,6,834,10,1318
hashicorp/consul,Procedural_Static_Disallow_Managed,30901,4134,3659597,267,2195
hashicorp/consul,Scripting_Dynamic_Allow_Managed,2580,167,157177,43,2131
hashicorp/consul,Scripting_Dynamic_Disallow_Managed,94,2,388,24,2131
hashicorp/terraform,Procedural_Static_Allow_Unmanaged,25,6,453,9,1137
hashicorp/terraform,Procedural_Static_Disallow_Managed,71672,9809,8052516,1047,2028
hashicorp/terraform,Scripting_Dynamic_Allow_Managed,400,69,19223,16,1751
hashicorp/terraform,Scripting_Dynamic_Disallow_Managed,97,10,3577,24,1911
hashicorp/vagrant,Scripting_Dynamic_Allow_Managed,61,2,3995,6,2504
hashicorp/vagrant,Scripting_Dynamic_Disallow_Managed,17625,2910,217182,780,3594
hashicorp/vault,Procedural_Static_Allow_Unmanaged,20,0,818,6,1379
hashicorp/vault,Procedural_Static_Disallow_Managed,40522,4286,3292472,412,1745
hashicorp/vault,Scripting_Dynamic_Allow_Managed,3325,414,286977,41,1715
hashicorp/vault,Scripting_Dynamic_Disallow_Managed,94,3,937,16,1704
helm/helm,Procedural_Static_Disallow_Managed,9362,2285,144369,304,1499
helm/helm,Scripting_Dynamic_Disallow_Managed,149,10,4268,12,176
home-assistant/home-assistant,Scripting_Dynamic_Allow_Managed,611,21,76006,8,1238
home-assistant/home-assistant,Scripting_Dynamic_Disallow_Managed,57788,18101,1245997,1908,2275
hsoft/collapseos,Procedural_Static_Allow_Unmanaged,144,21,2281,2,239
hsoft/collapseos,Scripting_Dynamic_Allow_Managed,7,1,126,1,32
hsoft/collapseos,Scripting_Dynamic_Disallow_Managed,34,2,605,1,237
huggingface/transformers,Scripting_Dynamic_Disallow_Managed,4084,716,160459,199,406
huginn/huginn,Scripting_Dynamic_Allow_Managed,124,28,5534,15,1504
huginn/huginn,Scripting_Dynamic_Disallow_Managed,3835,783,59496,150,2464
ianyh/Amethyst,Functional_Static_Disallow_Managed,1086,174,19539,15,1461
ianyh/Amethyst,Procedural_Static_Allow_Unmanaged,800,166,9393,14,1446
ibireme/YYKit,Procedural_Static_Allow_Unmanaged,1086,195,83638,23,1464
ichord/At.js,Scripting_Dynamic_Allow_Managed,1084,372,32949,46,2253
icsharpcode/ILSpy,Procedural_Static_Disallow_Managed,29347,6492,1498077,98,4448
idevz/vanilla,Procedural_Dynamic_Allow_Managed,1088,67,41237,7,821
iikira/BaiduPCS-Go,Procedural_Static_Disallow_Managed,2071,404,105322,13,731
iina/iina,Functional_Static_Disallow_Managed,3658,734,46672,56,1180
iina/iina,Procedural_Static_Allow_Unmanaged,395,9,34756,9,868
iina/iina,Scripting_Dynamic_Disallow_Managed,20,3,403,10,1166
iluwatar/java-design-patterns,Procedural_Static_Disallow_Managed,12075,3018,153885,187,1947
imathis/octopress,Scripting_Dynamic_Allow_Managed,175,24,25704,13,1689
imathis/octopress,Scripting_Dynamic_Disallow_Managed,311,56,4468,46,2219
inconshreveable/ngrok,Procedural_Static_Disallow_Managed,614,134,8608,17,1135
inconshreveable/ngrok,Scripting_Dynamic_Allow_Managed,24,4,1496,2,291
infinitered/ignite,Procedural_Static_Allow_Unmanaged,14,0,204,4,372
infinitered/ignite,Procedural_Static_Disallow_Managed,29,4,140,8,372
infinitered/ignite,Scripting_Dynamic_Allow_Managed,20107,429,717826,51,1384
influxdata/influxdb,Procedural_Static_Allow_Unmanaged,114,29,8651,6,410
influxdata/influxdb,Procedural_Static_Disallow_Managed,40725,9596,1459969,388,2431
influxdata/influxdb,Scripting_Dynamic_Allow_Managed,12618,1664,186036,61,2206
influxdata/influxdb,Scripting_Dynamic_Disallow_Managed,110,19,4047,25,2118
insidegui/WWDC,Functional_Static_Disallow_Managed,3067,537,54318,49,1686
insidegui/WWDC,Procedural_Static_Allow_Unmanaged,455,15,11674,7,1264
intel-analytics/BigDL,Functional_Static_Disallow_Managed,12624,4077,368635,73,1182
intel-analytics/BigDL,Procedural_Static_Allow_Unmanaged,11,1,954,5,188
intel-analytics/BigDL,Procedural_Static_Disallow_Managed,253,7,218922,15,915
intel-analytics/BigDL,Scripting_Dynamic_Disallow_Managed,1055,337,36531,46,1027
ionic-team/ionic,Scripting_Dynamic_Allow_Managed,5887,698,411874,48,1687
irungentoo/toxcore,Procedural_Static_Allow_Unmanaged,6496,1861,167180,157,1927
irungentoo/toxcore,Scripting_Dynamic_Disallow_Managed,13,3,581,6,942
istio/istio,Procedural_Static_Disallow_Managed,50522,11113,4433741,384,1110
istio/istio,Scripting_Dynamic_Allow_Managed,60,1,6820,24,855
istio/istio,Scripting_Dynamic_Disallow_Managed,598,132,42546,70,1037
jakubroztocil/httpie,Scripting_Dynamic_Disallow_Managed,1536,208,22195,65,2839
jaredpalmer/formik,Scripting_Dynamic_Allow_Managed,202,78,4860,40,881
jashkenas/coffeescript,Procedural_Static_Disallow_Managed,112,7,1284,1,14
jashkenas/coffeescript,Scripting_Dynamic_Allow_Managed,13139,3469,234795,218,3630
jashkenas/coffeescript,Scripting_Dynamic_Disallow_Managed,544,64,33710,2,65
javan/whenever,Scripting_Dynamic_Disallow_Managed,525,78,7531,79,3768
jdg/MBProgressHUD,Procedural_Static_Allow_Unmanaged,515,117,8789,82,3695
jekyll/jekyll,Scripting_Dynamic_Allow_Managed,27,0,2418,8,2470
jekyll/jekyll,Scripting_Dynamic_Disallow_Managed,5667,819,50718,420,4068
jellyfin/jellyfin,Procedural_Static_Disallow_Managed,54147,6166,992682,138,2706
jellyfin/jellyfin,Scripting_Dynamic_Allow_Managed,346,32,28823,6,637
jenkinsci/jenkins,Procedural_Static_Disallow_Managed,32685,8617,538031,606,4783
jenkinsci/jenkins,Scripting_Dynamic_Allow_Managed,1207,355,145318,96,4760
jenkinsci/jenkins,Scripting_Dynamic_Disallow_Managed,44,4,1028,5,3551
jesseduffield/lazygit,Procedural_Static_Disallow_Managed,4949,327,583256,38,574
jessesquires/JSQMessagesViewController,Functional_Static_Disallow_Managed,52,6,1572,6,159
jessesquires/JSQMessagesViewController,Procedural_Static_Allow_Unmanaged,3265,496,39401,84,1484
jinzhu/gorm,Procedural_Static_Disallow_Managed,2903,592,41832,204,2233
jnordberg/wintersmith,Scripting_Dynamic_Allow_Managed,376,73,4705,31,2695
jonas/tig,Procedural_Static_Allow_Unmanaged,3468,876,88826,111,4975
jordansissel/fpm,Scripting_Dynamic_Disallow_Managed,1627,416,21162,243,3238
jquery/jquery,Procedural_Static_Disallow_Managed,16,2,0,4,1618
jquery/jquery,Scripting_Dynamic_Allow_Managed,10348,5044,384301,338,5010
js2coffee/js2coffee,Scripting_Dynamic_Allow_Managed,620,69,8334,6,645
juliangarnier/anime,Scripting_Dynamic_Allow_Managed,683,156,24711,22,1122
junegunn/fzf,Procedural_Static_Disallow_Managed,1278,258,21307,20,1802
junegunn/fzf,Scripting_Dynamic_Disallow_Managed,221,60,4474,3,2213
kaminari/kaminari,Scripting_Dynamic_Disallow_Managed,1460,214,13365,106,3050
kanaka/mal,Functional_Static_Disallow_Managed,431,72,24976,9,1785
kanaka/mal,Procedural_Dynamic_Allow_Managed,81,44,2319,6,1648
kanaka/mal,Procedural_Static_Allow_Unmanaged,552,161,13328,9,1945
kanaka/mal,Procedural_Static_Disallow_Managed,421,132,15814,11,1947
kanaka/mal,Scripting_Dynamic_Allow_Managed,1164,361,16510,14,1953
kanaka/mal,Scripting_Dynamic_Disallow_Managed,484,160,10763,12,2029
kataras/iris,Procedural_Static_Allow_Unmanaged,36,2,1000,3,918
kataras/iris,Procedural_Static_Disallow_Managed,15692,1585,1702154,51,1269
kataras/iris,Scripting_Dynamic_Allow_Managed,203,26,89755,6,918
kdn251/interviews,Procedural_Static_Disallow_Managed,1662,315,32073,15,475
kennyledet/Algorithm-Implementations,Functional_Static_Disallow_Managed,79,1,1520,5,653
kennyledet/Algorithm-Implementations,Procedural_Dynamic_Allow_Managed,457,31,13987,8,1817
kennyledet/Algorithm-Implementations,Procedural_Static_Allow_Unmanaged,195,7,6702,46,1770
kennyledet/Algorithm-Implementations,Procedural_Static_Disallow_Managed,393,20,13656,46,1509
kennyledet/Algorithm-Implementations,Scripting_Dynamic_Allow_Managed,164,11,3487,27,1768
kennyledet/Algorithm-Implementations,Scripting_Dynamic_Disallow_Managed,251,29,4549,46,1397
keras-team/keras,Scripting_Dynamic_Disallow_Managed,8204,2978,187581,826,1684
kevinzhow/PNChart,Procedural_Static_Allow_Unmanaged,1763,674,39919,82,1581
kickstarter/ios-oss,Functional_Static_Disallow_Managed,13260,4086,336870,32,1411
kickstarter/ios-oss,Procedural_Static_Allow_Unmanaged,612,0,25405,5,1204
koreader/koreader,Procedural_Dynamic_Allow_Managed,9828,2985,187621,123,2946
koreader/koreader,Procedural_Static_Allow_Unmanaged,464,93,17356,11,494
krzyzanowskim/CryptoSwift,Functional_Static_Disallow_Managed,3026,263,40768,64,1970
krzyzanowskim/CryptoSwift,Procedural_Static_Allow_Unmanaged,471,2,36766,4,1925
kubernetes/kubernetes,Procedural_Static_Allow_Unmanaged,52,7,245391,22,1701
kubernetes/kubernetes,Procedural_Static_Disallow_Managed,227882,24029,13924345,2419,2012
kubernetes/kubernetes,Scripting_Dynamic_Allow_Managed,1281,24,213374,47,1972
kubernetes/kubernetes,Scripting_Dynamic_Disallow_Managed,735,205,31487,94,1985
kubernetes/minikube,Procedural_Static_Allow_Unmanaged,72,0,8500,8,1173
kubernetes/minikube,Procedural_Static_Disallow_Managed,51404,1388,6616767,259,1332
kubernetes/minikube,Scripting_Dynamic_Allow_Managed,108,0,6034,6,881
kubernetes/minikube,Scripting_Dynamic_Disallow_Managed,38,5,1003,14,1263
labstack/echo,Procedural_Static_Disallow_Managed,5115,795,359417,138,1715
labstack/echo,Scripting_Dynamic_Allow_Managed,50,2,154,3,792
lagom/lagom,Functional_Static_Disallow_Managed,6430,1140,79175,71,1370
lagom/lagom,Procedural_Static_Disallow_Managed,2793,218,44363,41,1357
lampepfl/dotty,Functional_Static_Disallow_Managed,63100,13168,807079,194,2561
lampepfl/dotty,Procedural_Static_Disallow_Managed,2045,508,13382,63,2095
lampepfl/dotty,Scripting_Dynamic_Allow_Managed,39,9,339,4,1251
laravel/framework,Scripting_Dynamic_Allow_Managed,36272,10430,509565,2632,2525
laravel/laravel,Scripting_Dynamic_Allow_Managed,8964,1333,163805,483,3105
laurilehmijoki/s3_website,Functional_Static_Disallow_Managed,560,82,8302,9,1195
laurilehmijoki/s3_website,Scripting_Dynamic_Disallow_Managed,456,48,3709,22,2384
leafo/moonscript,Procedural_Dynamic_Allow_Managed,1185,161,24301,15,2541
libgdx/libgdx,Procedural_Dynamic_Allow_Managed,116,3,2475,6,1874
libgdx/libgdx,Procedural_Static_Allow_Unmanaged,10189,639,2332320,38,3531
libgdx/libgdx,Procedural_Static_Disallow_Managed,46988,11005,1374418,618,3557
libgdx/libgdx,Scripting_Dynamic_Allow_Managed,35,4,4612,6,2060
libgdx/libgdx,Scripting_Dynamic_Disallow_Managed,113,6,34154,6,2980
libuv/libuv,Procedural_Static_Allow_Unmanaged,10206,2980,253377,355,3182
libuv/libuv,Scripting_Dynamic_Disallow_Managed,24,8,576,8,2729
lihaoyi/Ammonite,Functional_Static_Disallow_Managed,5620,927,72538,83,1746
lihaoyi/Ammonite,Procedural_Static_Disallow_Managed,8,1,239,3,1166
lihaoyi/Ammonite,Scripting_Dynamic_Disallow_Managed,15,4,155,2,306
linkerd/linkerd,Functional_Static_Disallow_Managed,4944,1180,103545,85,1422
linkerd/linkerd,Scripting_Dynamic_Allow_Managed,461,169,20705,15,1384
linnovate/mean,Scripting_Dynamic_Allow_Managed,2463,347,98080,142,1952
localstack/localstack,Procedural_Static_Disallow_Managed,285,54,10646,35,1209
localstack/localstack,Scripting_Dynamic_Allow_Managed,14,10,34,3,880
localstack/localstack,Scripting_Dynamic_Disallow_Managed,2001,711,30207,167,1211
luakit/luakit,Procedural_Dynamic_Allow_Managed,4167,726,63798,74,3455
luakit/luakit,Procedural_Static_Allow_Unmanaged,2871,560,39437,41,3390
luakit/luakit,Scripting_Dynamic_Allow_Managed,13,2,435,4,2615
luarocks/luarocks,Procedural_Dynamic_Allow_Managed,3479,719,51754,71,3887
luarocks/luarocks,Procedural_Static_Allow_Unmanaged,23,3,1650,8,3305
luvit/luvit,Procedural_Dynamic_Allow_Managed,3469,565,73304,72,2953
luvit/luvit,Procedural_Static_Allow_Unmanaged,1418,140,121019,24,1139
luvit/luvit,Scripting_Dynamic_Disallow_Managed,431,8,31647,6,1035
mac-cain13/R.swift,Functional_Static_Disallow_Managed,1655,180,18506,32,1811
magicalpanda/MagicalRecord,Procedural_Static_Allow_Unmanaged,4132,468,85405,83,3250
magicalpanda/MagicalRecord,Scripting_Dynamic_Disallow_Managed,10,0,448,3,1310
major/MySQLTuner-perl,Scripting_Dynamic_Allow_Managed,530,171,17486,99,4521
mame/quine-relay,Scripting_Dynamic_Disallow_Managed,580,64,11409,10,2300
marcuswestin/WebViewJavascriptBridge,Procedural_Static_Allow_Unmanaged,440,84,5259,40,2264
marmelab/react-admin,Scripting_Dynamic_Allow_Managed,12023,1926,288006,184,1253
mas-cli/mas,Functional_Static_Disallow_Managed,1263,78,55221,15,1335
mas-cli/mas,Procedural_Static_Allow_Unmanaged,602,14,13234,5,1335
mas-cli/mas,Scripting_Dynamic_Disallow_Managed,52,0,295,5,436
matomo-org/matomo,Procedural_Static_Disallow_Managed,60,10,2851,13,3907
matomo-org/matomo,Scripting_Dynamic_Allow_Managed,75511,20895,2677077,254,4522
matomo-org/matomo,Scripting_Dynamic_Disallow_Managed,228,75,4169,28,1098
matryer/bitbar,Procedural_Static_Allow_Unmanaged,356,49,4916,25,2077
matryer/bitbar,Scripting_Dynamic_Disallow_Managed,30,0,680,9,1
mattermost/mattermost-server,Procedural_Static_Allow_Unmanaged,42,8,273610,7,1461
mattermost/mattermost-server,Procedural_Static_Disallow_Managed,41533,8293,3621611,414,1640
mattermost/mattermost-server,Scripting_Dynamic_Allow_Managed,15176,4728,362736,153,1522
memcached/memcached,Procedural_Static_Allow_Unmanaged,2030,677,43833,150,6012
memcached/memcached,Scripting_Dynamic_Allow_Managed,51,8,814,11,5677
mesos/chronos,Functional_Static_Disallow_Managed,1306,282,22022,75,2002
mesos/chronos,Scripting_Dynamic_Allow_Managed,758,48,116191,17,1443
mesos/chronos,Scripting_Dynamic_Disallow_Managed,33,11,849,9,1003
mesosphere/marathon,Functional_Static_Disallow_Managed,19850,5660,329112,155,2339
mesosphere/marathon,Procedural_Static_Disallow_Managed,169,34,125934,49,2242
mesosphere/marathon,Scripting_Dynamic_Allow_Managed,1288,141,286457,27,1657
mesosphere/marathon,Scripting_Dynamic_Disallow_Managed,853,96,32902,32,1749
meteor/meteor,Procedural_Static_Allow_Unmanaged,266,7,19699,6,1004
meteor/meteor,Procedural_Static_Disallow_Managed,33,2,1138,4,1086
meteor/meteor,Scripting_Dynamic_Allow_Managed,55880,6296,1036448,431,2940
meteor/meteor,Scripting_Dynamic_Disallow_Managed,29,4,841,10,2375
michaelficarra/CoffeeScriptRedux,Scripting_Dynamic_Allow_Managed,1726,496,118995,25,1770
micropython/micropython,Procedural_Static_Allow_Unmanaged,24916,2872,1496632,236,2256
micropython/micropython,Scripting_Dynamic_Disallow_Managed,3971,424,70279,110,2168
microsoft/CNTK,Procedural_Static_Allow_Unmanaged,25607,6300,1105621,189,1788
microsoft/CNTK,Procedural_Static_Disallow_Managed,480,62,16132,30,1276
microsoft/CNTK,Scripting_Dynamic_Disallow_Managed,11021,2048,300376,140,1608
microsoft/TypeScript,Scripting_Dynamic_Allow_Managed,61182,4651,6766245,257,1979
microsoft/VFSForGit,Procedural_Static_Allow_Unmanaged,1084,254,29477,12,939
microsoft/VFSForGit,Procedural_Static_Disallow_Managed,5882,778,131035,29,966
microsoft/calculator,Procedural_Static_Allow_Unmanaged,1897,761,85868,40,315
microsoft/calculator,Procedural_Static_Disallow_Managed,115,1,4193,8,262
microsoft/react-native-windows,Procedural_Static_Allow_Unmanaged,4227,1551,205217,58,1204
microsoft/react-native-windows,Procedural_Static_Disallow_Managed,6224,3388,117330,71,1452
microsoft/react-native-windows,Scripting_Dynamic_Allow_Managed,1963,974,68672,64,1448
microsoft/terminal,Procedural_Static_Allow_Unmanaged,3380,847,231883,89,456
microsoft/terminal,Procedural_Static_Disallow_Managed,238,46,12162,27,843
microsoft/vscode,Procedural_Static_Allow_Unmanaged,11,4,90,2,1329
microsoft/vscode,Scripting_Dynamic_Allow_Managed,3747,934,346089,126,1489
milessabin/shapeless,Functional_Static_Disallow_Managed,3091,384,76973,129,3005
minio/minio,Procedural_Static_Allow_Unmanaged,490,19,28225,6,1614
minio/minio,Procedural_Static_Disallow_Managed,26980,6348,1443938,152,1867
minio/minio,Scripting_Dynamic_Allow_Managed,914,217,19241,16,1612
moby/moby,Procedural_Static_Allow_Unmanaged,111,12,163486,26,1878
moby/moby,Procedural_Static_Disallow_Managed,68954,12564,2499663,1279,2509
moby/moby,Scripting_Dynamic_Allow_Managed,56,3,3986,7,693
moby/moby,Scripting_Dynamic_Disallow_Managed,90,18,2195,25,1315
mockery/mockery,Scripting_Dynamic_Allow_Managed,2175,518,32334,141,3928
mojolicious/mojo,Scripting_Dynamic_Allow_Managed,21704,3565,208779,139,4061
moment/moment,Scripting_Dynamic_Allow_Managed,11200,1686,655018,524,3020
mongodb/mongo,Procedural_Static_Allow_Unmanaged,255716,19214,15517429,615,4427
mongodb/mongo,Procedural_Static_Disallow_Managed,6226,107,1167940,16,3931
mongodb/mongo,Scripting_Dynamic_Allow_Managed,41960,4683,1100506,424,4418
mongodb/mongo,Scripting_Dynamic_Disallow_Managed,8121,1032,329518,199,3778
mono/mono,Procedural_Static_Allow_Unmanaged,69509,18927,1803220,455,6749
mono/mono,Procedural_Static_Disallow_Managed,290649,54632,13693086,1070,6754
mono/mono,Scripting_Dynamic_Allow_Managed,6102,151,634839,72,6734
mono/mono,Scripting_Dynamic_Disallow_Managed,421,122,11443,50,4532
morrisjs/morris.js,Scripting_Dynamic_Allow_Managed,762,163,29890,42,1111
mozilla-mobile/firefox-ios,Functional_Static_Disallow_Managed,16568,12228,307804,175,1862
mozilla-mobile/firefox-ios,Procedural_Static_Allow_Unmanaged,3626,2006,1289384,26,1681
mozilla-mobile/firefox-ios,Scripting_Dynamic_Allow_Managed,314,274,9004,26,1813
mozilla-mobile/firefox-ios,Scripting_Dynamic_Disallow_Managed,119,67,6272,14,1759
mozilla/DeepSpeech,Procedural_Static_Allow_Unmanaged,1591,79,318539,13,1016
mozilla/DeepSpeech,Procedural_Static_Disallow_Managed,151,23,3103,6,396
mozilla/DeepSpeech,Scripting_Dynamic_Allow_Managed,79,25,833,10,1146
mozilla/DeepSpeech,Scripting_Dynamic_Disallow_Managed,1074,371,43748,66,1286
mperham/sidekiq,Scripting_Dynamic_Allow_Managed,210,26,15321,29,2731
mperham/sidekiq,Scripting_Dynamic_Disallow_Managed,3604,849,35897,304,2866
mpv-player/mpv,Functional_Static_Disallow_Managed,121,54,3833,2,594
mpv-player/mpv,Procedural_Dynamic_Allow_Managed,537,143,11782,58,2266
mpv-player/mpv,Procedural_Static_Allow_Unmanaged,75023,17486,1557619,405,6863
mpv-player/mpv,Scripting_Dynamic_Allow_Managed,111,18,4184,26,6795
mpv-player/mpv,Scripting_Dynamic_Disallow_Managed,737,147,6482,84,6693
mrdoob/three.js,Procedural_Static_Allow_Unmanaged,55,6,6785,6,2499
mrdoob/three.js,Procedural_Static_Disallow_Managed,18,1,0,5,2561
mrdoob/three.js,Scripting_Dynamic_Allow_Managed,45179,7136,5856848,1064,3518
mrdoob/three.js,Scripting_Dynamic_Disallow_Managed,1190,272,63302,125,2973
mui-org/material-ui,Scripting_Dynamic_Allow_Managed,80610,26160,696584,1274,1940
munin-monitoring/munin,Procedural_Static_Disallow_Managed,396,58,5773,7,3291
munin-monitoring/munin,Scripting_Dynamic_Allow_Managed,2783,725,62230,77,5801
munin-monitoring/munin,Scripting_Dynamic_Disallow_Managed,42,4,790,7,3785
mxcl/PromiseKit,Functional_Static_Disallow_Managed,1429,422,26435,67,1967
mxcl/PromiseKit,Procedural_Static_Allow_Unmanaged,884,277,15096,44,1954
mxcl/PromiseKit,Scripting_Dynamic_Disallow_Managed,20,4,189,2,340
nagadomi/waifu2x,Procedural_Dynamic_Allow_Managed,740,133,13057,5,1655
nagadomi/waifu2x,Scripting_Dynamic_Allow_Managed,16,2,478,2,322
nestjs/nest,Scripting_Dynamic_Allow_Managed,3069,92,57007,16,954
netdata/netdata,Procedural_Static_Allow_Unmanaged,7094,2715,255383,74,2365
netdata/netdata,Scripting_Dynamic_Allow_Managed,1132,369,86019,67,2361
netdata/netdata,Scripting_Dynamic_Disallow_Managed,1983,767,64235,101,1277
netty/netty,Procedural_Static_Allow_Unmanaged,284,83,9374,28,2118
netty/netty,Procedural_Static_Disallow_Managed,43138,11005,915776,553,4142
nextcloud/server,Scripting_Dynamic_Allow_Managed,183639,20209,3578181,864,3562
nginx/nginx,Procedural_Static_Allow_Unmanaged,16759,4569,353644,64,6320
nginx/nginx,Scripting_Dynamic_Allow_Managed,255,9,553,7,4241
nicklockwood/iCarousel,Procedural_Static_Allow_Unmanaged,1335,128,62958,17,2029
nicolaskruchten/pivottable,Scripting_Dynamic_Allow_Managed,988,246,20938,33,2069
nikic/PHP-Parser,Scripting_Dynamic_Allow_Managed,4926,712,140640,67,3118
niklasvh/html2canvas,Scripting_Dynamic_Allow_Managed,1866,572,170958,38,2993
ninjaprox/NVActivityIndicatorView,Functional_Static_Disallow_Managed,873,80,12363,35,1524
ninjaprox/NVActivityIndicatorView,Procedural_Static_Allow_Unmanaged,10,0,97,2,1198
nlohmann/json,Procedural_Static_Allow_Unmanaged,5718,1273,389470,108,2328
nlohmann/json,Scripting_Dynamic_Disallow_Managed,29,2,9317,3,1941
nodejs/node,Procedural_Dynamic_Allow_Managed,76,0,12375,9,3053
nodejs/node,Procedural_Static_Allow_Unmanaged,105141,13049,8869376,614,3946
nodejs/node,Procedural_Static_Disallow_Managed,15,1,1893,7,1365
nodejs/node,Scripting_Dynamic_Allow_Managed,117885,17890,5222428,2298,3943
nodejs/node,Scripting_Dynamic_Disallow_Managed,7604,778,462892,144,3924
noflo/noflo,Scripting_Dynamic_Allow_Managed,2650,572,44272,25,2961
nostra13/Android-Universal-Image-Loader,Procedural_Static_Disallow_Managed,1912,180,34138,32,2689
nothings/stb,Procedural_Static_Allow_Unmanaged,1494,445,122918,153,1904
nsqio/nsq,Procedural_Static_Disallow_Managed,3701,512,70175,96,2760
nsqio/nsq,Scripting_Dynamic_Allow_Managed,83,20,1731,6,1513
nsqio/nsq,Scripting_Dynamic_Disallow_Managed,27,8,1157,2,1240
numpy/numpy,Procedural_Static_Allow_Unmanaged,10967,3638,1191772,303,6550
numpy/numpy,Scripting_Dynamic_Allow_Managed,9,1,1072,5,3918
numpy/numpy,Scripting_Dynamic_Disallow_Managed,26211,8637,607846,949,6560
nvbn/thefuck,Scripting_Dynamic_Disallow_Managed,2722,472,26112,126,1673
nwjs/nw.js,Procedural_Static_Allow_Unmanaged,4966,1786,98429,51,2920
nwjs/nw.js,Procedural_Static_Disallow_Managed,18,0,551,5,1302
nwjs/nw.js,Scripting_Dynamic_Allow_Managed,1936,263,138797,37,2907
nwjs/nw.js,Scripting_Dynamic_Disallow_Managed,694,138,12738,24,2528
obsproject/obs-studio,Procedural_Dynamic_Allow_Managed,101,1,118278,5,2017
obsproject/obs-studio,Procedural_Static_Allow_Unmanaged,13225,3460,508604,245,2261
obsproject/obs-studio,Scripting_Dynamic_Disallow_Managed,17,3,901,4,1699
ocornut/imgui,Procedural_Static_Allow_Unmanaged,8952,2133,178596,185,1947
octalmage/robotjs,Procedural_Static_Allow_Unmanaged,338,82,6031,38,1912
octalmage/robotjs,Scripting_Dynamic_Allow_Managed,71,8,1019,4,1274
octobercms/october,Scripting_Dynamic_Allow_Managed,11684,2591,826233,377,1952
omniauth/omniauth,Scripting_Dynamic_Disallow_Managed,2088,215,21782,172,3519
onevcat/Kingfisher,Functional_Static_Disallow_Managed,2934,414,46267,132,1707
onevcat/Kingfisher,Procedural_Static_Allow_Unmanaged,320,0,2129,1,1593
onivim/oni,Scripting_Dynamic_Allow_Managed,358,125,294817,22,676
openai/gym,Scripting_Dynamic_Disallow_Managed,1977,569,29152,199,1317
opencv/opencv,Functional_Static_Disallow_Managed,22,2,183,7,960
opencv/opencv,Procedural_Static_Allow_Unmanaged,57398,14028,3602776,1244,3500
opencv/opencv,Procedural_Static_Disallow_Managed,3103,912,110755,83,3368
opencv/opencv,Scripting_Dynamic_Allow_Managed,74,24,5525,24,3311
opencv/opencv,Scripting_Dynamic_Disallow_Managed,3887,805,107526,196,3494
openfaas/faas,Procedural_Static_Disallow_Managed,14263,124,2325014,39,1082
openfaas/faas,Scripting_Dynamic_Allow_Managed,84,16,2006,15,1067
openfaas/faas,Scripting_Dynamic_Disallow_Managed,26,2,1324,5,893
openssl/openssl,Procedural_Static_Allow_Unmanaged,60672,12525,1722931,501,7658
openssl/openssl,Scripting_Dynamic_Allow_Managed,5429,1099,289592,83,7653
openssl/openssl,Scripting_Dynamic_Disallow_Managed,8,0,79,6,1654
openwrt/luci,Procedural_Dynamic_Allow_Managed,8919,1894,167787,180,4291
openwrt/luci,Procedural_Static_Allow_Unmanaged,1184,180,98637,15,4212
openwrt/luci,Scripting_Dynamic_Allow_Managed,843,222,57154,42,4268
orlabs/orange,Procedural_Dynamic_Allow_Managed,689,89,24685,24,1340
orlabs/orange,Scripting_Dynamic_Allow_Managed,269,22,16778,10,1337
ornicar/lila,Functional_Static_Disallow_Managed,48893,4167,371197,85,2847
ornicar/lila,Procedural_Static_Disallow_Managed,412,33,28752,7,2683
ornicar/lila,Scripting_Dynamic_Allow_Managed,11629,1897,233216,52,2763
ornicar/lila,Scripting_Dynamic_Disallow_Managed,37,6,378,5,2726
osquery/osquery,Procedural_Static_Allow_Unmanaged,15017,3035,327815,228,1956
osquery/osquery,Scripting_Dynamic_Allow_Managed,146,0,23307,3,1246
osquery/osquery,Scripting_Dynamic_Disallow_Managed,1207,140,17062,64,1958
overtrue/wechat,Scripting_Dynamic_Allow_Managed,6580,2139,98484,123,1457
p0pr0ck5/lua-resty-waf,Procedural_Dynamic_Allow_Managed,912,147,21481,7,1243
p0pr0ck5/lua-resty-waf,Scripting_Dynamic_Allow_Managed,94,29,2405,1,338
palantir/blueprint,Scripting_Dynamic_Allow_Managed,563,154,462682,20,1128
pallets/flask,Scripting_Dynamic_Disallow_Managed,3167,663,47261,335,3519
pandas-dev/pandas,Procedural_Static_Allow_Unmanaged,913,303,159858,85,3779
pandas-dev/pandas,Scripting_Dynamic_Disallow_Managed,54414,15554,1475851,1859,3780
paradoxxxzero/butterfly,Scripting_Dynamic_Allow_Managed,614,242,38999,5,1734
paradoxxxzero/butterfly,Scripting_Dynamic_Disallow_Managed,389,151,4731,15,1734
parcel-bundler/parcel,Scripting_Dynamic_Allow_Managed,7167,1382,124665,205,857
pbatard/rufus,Procedural_Static_Allow_Unmanaged,3549,1595,133064,27,2927
pbatard/rufus,Procedural_Static_Disallow_Managed,14,5,1669,1,364
phacility/phabricator,Scripting_Dynamic_Allow_Managed,78540,15103,1299415,326,3248
phalcon/cphalcon,Procedural_Static_Allow_Unmanaged,60473,11351,28620846,93,2828
phalcon/cphalcon,Scripting_Dynamic_Allow_Managed,48114,2734,2916453,178,2821
phanan/koel,Scripting_Dynamic_Allow_Managed,3653,837,55241,30,1450
philc/vimium,Scripting_Dynamic_Allow_Managed,4399,987,49716,124,3681
php/php-src,Procedural_Static_Allow_Unmanaged,170603,49823,10441592,899,7552
php/php-src,Procedural_Static_Disallow_Managed,181,13,3839,11,5155
php/php-src,Scripting_Dynamic_Allow_Managed,5683,1228,141056,218,7552
pingcap/tidb,Procedural_Static_Disallow_Managed,45651,5773,1765169,425,1557
pjreddie/darknet,Procedural_Static_Allow_Unmanaged,2620,455,73621,9,1772
pjreddie/darknet,Scripting_Dynamic_Disallow_Managed,21,1,454,1,969
pkulchenko/ZeroBraneStudio,Procedural_Dynamic_Allow_Managed,6658,1563,309938,58,4100
pkulchenko/ZeroBraneStudio,Procedural_Static_Allow_Unmanaged,16,4,728,3,2456
plataformatec/devise,Scripting_Dynamic_Disallow_Managed,6405,845,46968,495,3724
plataformatec/simple_form,Scripting_Dynamic_Disallow_Managed,3065,433,26592,192,3621
playframework/playframework,Functional_Static_Disallow_Managed,23517,4934,352400,532,3011
playframework/playframework,Procedural_Static_Disallow_Managed,8770,2017,160717,201,2997
playframework/playframework,Scripting_Dynamic_Allow_Managed,255,40,56274,31,2877
pocorall/scaloid,Functional_Static_Disallow_Managed,1001,138,60451,17,2128
pocorall/scaloid,Procedural_Static_Disallow_Managed,9,2,285,4,852
polynote/polynote,Functional_Static_Disallow_Managed,1885,585,39024,6,324
polynote/polynote,Scripting_Dynamic_Allow_Managed,494,99,11903,3,287
polynote/polynote,Scripting_Dynamic_Disallow_Managed,23,6,26764,2,176
pooler/cpuminer,Procedural_Static_Allow_Unmanaged,429,52,14266,14,2967
pret/pokecrystal,Procedural_Static_Allow_Unmanaged,50,29,2084,7,905
pret/pokecrystal,Scripting_Dynamic_Disallow_Managed,775,148,41961,14,2651
pret/pokered,Procedural_Static_Allow_Unmanaged,109,2,3794,5,2576
pret/pokered,Scripting_Dynamic_Disallow_Managed,302,43,12967,9,2555
prettier/prettier,Scripting_Dynamic_Allow_Managed,10637,2756,264786,253,1105
prisma/prisma,Functional_Static_Disallow_Managed,18938,1659,354438,17,746
prisma/prisma,Procedural_Static_Allow_Unmanaged,15,4,88,2,281
prisma/prisma,Procedural_Static_Disallow_Managed,128,30,1620,4,666
prisma/prisma,Scripting_Dynamic_Allow_Managed,513,125,19093,17,656
prisma/prisma,Scripting_Dynamic_Disallow_Managed,141,18,1766,3,113
project-everest/hacl-star,Procedural_Static_Allow_Unmanaged,9145,143,593705,19,719
prometheus/prometheus,Procedural_Static_Disallow_Managed,24408,3222,3061612,441,2573
prometheus/prometheus,Scripting_Dynamic_Allow_Managed,313,82,37934,58,2485
protocolbuffers/protobuf,Functional_Static_Disallow_Managed,7,2,630,2,521
protocolbuffers/protobuf,Procedural_Static_Allow_Unmanaged,13755,2133,961779,369,4164
protocolbuffers/protobuf,Procedural_Static_Disallow_Managed,9004,1059,1017368,123,4150
protocolbuffers/protobuf,Scripting_Dynamic_Allow_Managed,1351,295,74809,43,1435
protocolbuffers/protobuf,Scripting_Dynamic_Disallow_Managed,1606,200,65807,101,4142
proxyee-down-org/proxyee-down,Procedural_Static_Disallow_Managed,1129,20,22874,4,701
proxyee-down-org/proxyee-down,Scripting_Dynamic_Allow_Managed,261,15,5006,11,686
psf/requests,Scripting_Dynamic_Disallow_Managed,4486,803,107237,479,3175
pubkey/rxdb,Scripting_Dynamic_Allow_Managed,4845,629,579620,34,1099
puppeteer/puppeteer,Scripting_Dynamic_Allow_Managed,3450,1179,103390,130,944
pypa/pipenv,Procedural_Static_Allow_Unmanaged,148,0,41187,3,722
pypa/pipenv,Scripting_Dynamic_Disallow_Managed,10555,1707,715489,233,960
python/cpython,Procedural_Static_Allow_Unmanaged,56072,14964,3668039,503,10648
python/cpython,Scripting_Dynamic_Allow_Managed,85,11,2917,15,7920
python/cpython,Scripting_Dynamic_Disallow_Managed,95403,22959,2655338,845,10650
pytorch/pytorch,Procedural_Dynamic_Allow_Managed,120,24,2496,19,2151
pytorch/pytorch,Procedural_Static_Allow_Unmanaged,61917,9582,1700918,1062,2877
pytorch/pytorch,Procedural_Static_Disallow_Managed,55,6,3002,3,95
pytorch/pytorch,Scripting_Dynamic_Disallow_Managed,26572,6014,660560,1260,1629
radareorg/radare2,Procedural_Dynamic_Allow_Managed,23,3,878,2,1721
radareorg/radare2,Procedural_Static_Allow_Unmanaged,58109,29457,1577621,813,3960
radareorg/radare2,Procedural_Static_Disallow_Managed,7,5,59,2,1194
radareorg/radare2,Scripting_Dynamic_Allow_Managed,816,268,150614,27,3931
radareorg/radare2,Scripting_Dynamic_Disallow_Managed,223,82,3719,18,3951
rails/rails,Procedural_Dynamic_Allow_Managed,21,3,224,7,1763
rails/rails,Scripting_Dynamic_Allow_Managed,1196,177,101409,104,5334
rails/rails,Scripting_Dynamic_Disallow_Managed,128063,22459,1233639,4077,5495
railsware/upterm,Scripting_Dynamic_Allow_Managed,314,43,5061,11,852
ramsey/uuid,Scripting_Dynamic_Allow_Managed,1051,170,15729,53,2710
rapid7/metasploit-framework,Procedural_Dynamic_Allow_Managed,28,2,295,6,2299
rapid7/metasploit-framework,Procedural_Static_Allow_Unmanaged,8713,330,961939,62,5292
rapid7/metasploit-framework,Procedural_Static_Disallow_Managed,2212,324,66004,35,4715
rapid7/metasploit-framework,Scripting_Dynamic_Allow_Managed,1344,89,193124,36,5074
rapid7/metasploit-framework,Scripting_Dynamic_Disallow_Managed,144865,29273,4322750,1130,5372
raywenderlich/swift-algorithm-club,Functional_Static_Disallow_Managed,2312,539,70822,229,1382
rclone/rclone,Procedural_Static_Allow_Unmanaged,16,1,538,1,1105
rclone/rclone,Procedural_Static_Disallow_Managed,44425,4523,10436017,255,2574
rclone/rclone,Scripting_Dynamic_Allow_Managed,53,12,2574,1,910
rclone/rclone,Scripting_Dynamic_Disallow_Managed,87,15,1915,13,1556
react-dnd/react-dnd,Scripting_Dynamic_Allow_Managed,2725,159,44551,50,1875
react-native-community/react-native-maps,Procedural_Static_Allow_Unmanaged,816,232,17014,129,1406
react-native-community/react-native-maps,Procedural_Static_Disallow_Managed,439,98,12908,98,1373
react-native-community/react-native-maps,Scripting_Dynamic_Allow_Managed,772,209,20227,113,1404
react-navigation/react-navigation,Procedural_Static_Disallow_Managed,22,3,85,6,824
react-navigation/react-navigation,Scripting_Dynamic_Allow_Managed,2386,898,161464,222,972
reactiveui/ReactiveUI,Procedural_Static_Disallow_Managed,9944,1976,282729,148,3464
reactiveui/ReactiveUI,Scripting_Dynamic_Disallow_Managed,14,0,192,2,1941
realm/SwiftLint,Functional_Static_Disallow_Managed,8462,1753,85464,212,1662
realm/realm-cocoa,Functional_Static_Disallow_Managed,4477,771,99124,55,1986
realm/realm-cocoa,Procedural_Static_Allow_Unmanaged,15647,2496,318935,105,2768
realm/realm-cocoa,Scripting_Dynamic_Allow_Managed,14,1,1775,5,2720
realm/realm-cocoa,Scripting_Dynamic_Disallow_Managed,141,20,2221,13,2771
recharts/recharts,Scripting_Dynamic_Allow_Managed,4689,1520,203705,144,1561
reduxjs/redux,Scripting_Dynamic_Allow_Managed,2416,454,26162,226,1639
resque/resque,Scripting_Dynamic_Allow_Managed,13,0,217,8,2483
resque/resque,Scripting_Dynamic_Disallow_Managed,1418,289,13545,195,3435
restsharp/RestSharp,Procedural_Static_Disallow_Managed,3354,925,119197,238,3574
rethinkdb/rethinkdb,Procedural_Static_Allow_Unmanaged,73371,14348,3190497,114,3652
rethinkdb/rethinkdb,Procedural_Static_Disallow_Managed,4340,360,78542,24,1883
rethinkdb/rethinkdb,Scripting_Dynamic_Allow_Managed,13287,3946,958495,60,2637
rethinkdb/rethinkdb,Scripting_Dynamic_Disallow_Managed,9621,2061,355327,111,3491
robb/Cartography,Functional_Static_Disallow_Managed,752,91,12151,35,1805
robbiehanson/CocoaAsyncSocket,Functional_Static_Disallow_Managed,13,1,789,4,771
robbiehanson/CocoaAsyncSocket,Procedural_Static_Allow_Unmanaged,841,263,61166,52,4016
robertdavidgraham/masscan,Procedural_Static_Allow_Unmanaged,2134,308,80451,32,2247
roots/sage,Scripting_Dynamic_Allow_Managed,2395,394,32380,163,2851
rsnapshot/rsnapshot,Scripting_Dynamic_Allow_Managed,514,110,18695,26,5745
rtyley/bfg-repo-cleaner,Functional_Static_Disallow_Managed,634,102,7570,5,1847
rubocop-hq/rubocop,Scripting_Dynamic_Disallow_Managed,27525,9036,382239,639,2790
ruby-grape/grape,Scripting_Dynamic_Disallow_Managed,3483,1080,48931,286,3416
ruby/ruby,Procedural_Static_Allow_Unmanaged,52843,11781,1662044,177,7999
ruby/ruby,Scripting_Dynamic_Allow_Managed,30,0,1007,6,3435
ruby/ruby,Scripting_Dynamic_Disallow_Managed,75283,11783,2000662,221,7999
sbt/sbt,Functional_Static_Disallow_Managed,19192,3825,279723,206,3819
sbt/sbt,Procedural_Static_Disallow_Managed,737,89,6994,35,3806
sbt/sbt,Scripting_Dynamic_Disallow_Managed,46,10,535,3,625
scala-js/scala-js,Functional_Static_Disallow_Managed,16043,6877,438563,76,3140
scala-js/scala-js,Scripting_Dynamic_Allow_Managed,345,141,6834,12,2376
scala-native/scala-native,Functional_Static_Disallow_Managed,7722,1827,294262,83,1437
scala-native/scala-native,Procedural_Static_Allow_Unmanaged,464,75,27985,24,1357
scala-native/scala-native,Scripting_Dynamic_Disallow_Managed,24,3,1535,3,1110
scala/scala,Functional_Static_Disallow_Managed,114893,22788,1711542,587,6143
scala/scala,Procedural_Static_Disallow_Managed,9196,1203,313328,92,6062
scala/scala,Scripting_Dynamic_Allow_Managed,230,66,18899,34,5800
scalanlp/breeze,Functional_Static_Disallow_Managed,10422,1196,230678,129,4137
scalanlp/breeze,Procedural_Static_Disallow_Managed,36,1,228,7,3747
scalatra/scalatra,Functional_Static_Disallow_Managed,6241,827,76512,119,3833
scalatra/scalatra,Procedural_Static_Disallow_Managed,31,2,2692,8,3072
scalatra/scalatra,Scripting_Dynamic_Allow_Managed,105,10,25098,7,2336
scalaz/scalaz,Functional_Static_Disallow_Managed,16099,1672,218757,254,3973
scalaz/scalaz,Procedural_Static_Disallow_Managed,227,1,32783,12,1336
scikit-learn/scikit-learn,Procedural_Static_Allow_Unmanaged,2457,458,2122355,111,3606
scikit-learn/scikit-learn,Scripting_Dynamic_Allow_Managed,40,10,35844,9,2789
scikit-learn/scikit-learn,Scripting_Dynamic_Disallow_Managed,41474,10432,752245,1610,3626
scrapy/scrapy,Scripting_Dynamic_Disallow_Managed,11414,1697,158688,281,4178
scwang90/SmartRefreshLayout,Procedural_Static_Disallow_Managed,3356,16,79976,9,807
sebastianbergmann/phpunit,Scripting_Dynamic_Allow_Managed,28600,4651,320713,422,4911
serbanghita/Mobile-Detect,Scripting_Dynamic_Allow_Managed,759,153,17978,75,3769
serverless/serverless,Procedural_Static_Disallow_Managed,109,7,1698,28,1190
serverless/serverless,Scripting_Dynamic_Allow_Managed,20478,2989,690448,435,1695
serverless/serverless,Scripting_Dynamic_Disallow_Managed,85,9,570,31,1387
sferik/rails_admin,Scripting_Dynamic_Allow_Managed,2196,175,345925,88,3361
sferik/rails_admin,Scripting_Dynamic_Disallow_Managed,6844,1474,78395,301,3381
shadowsocks/ShadowsocksX-NG,Functional_Static_Disallow_Managed,1291,65,54916,24,1250
shadowsocks/ShadowsocksX-NG,Procedural_Static_Allow_Unmanaged,1324,22,74754,15,1240
shadowsocks/shadowsocks-windows,Procedural_Static_Disallow_Managed,2161,311,64599,70,2509
shuzheng/zheng,Procedural_Static_Disallow_Managed,2046,0,58109,6,771
shuzheng/zheng,Scripting_Dynamic_Allow_Managed,624,0,36847,4,722
sinatra/sinatra,Scripting_Dynamic_Disallow_Managed,3539,738,56084,302,4430
sindresorhus/refined-github,Scripting_Dynamic_Allow_Managed,1357,272,14986,96,1164
sitaramc/gitolite,Scripting_Dynamic_Allow_Managed,502,68,9113,13,2600
sjdy521/Mojo-Webqq,Scripting_Dynamic_Allow_Managed,1356,7,16690,24,1411
sjdy521/Mojo-Weixin,Scripting_Dynamic_Allow_Managed,824,6,10635,10,1348
skylot/jadx,Procedural_Static_Disallow_Managed,7513,3212,123101,40,2458
slackapi/hubot-slack,Scripting_Dynamic_Allow_Managed,656,123,7657,58,2289
slackhq/SlackTextViewController,Functional_Static_Disallow_Managed,142,5,16713,7,1093
slackhq/SlackTextViewController,Procedural_Static_Allow_Unmanaged,3381,637,54276,62,1462
slick/slick,Functional_Static_Disallow_Managed,8150,1079,103127,140,3927
slick/slick,Scripting_Dynamic_Disallow_Managed,46,3,555,4,1700
slimphp/Slim,Scripting_Dynamic_Allow_Managed,6509,937,113899,227,3367
snabbco/snabb,Procedural_Dynamic_Allow_Managed,7707,1331,285971,58,3616
snabbco/snabb,Procedural_Static_Allow_Unmanaged,6195,1113,333085,26,3504
snabbco/snabb,Scripting_Dynamic_Disallow_Managed,124,15,5460,8,1534
snowplow/snowplow,Functional_Static_Disallow_Managed,7921,518,123946,57,2731
snowplow/snowplow,Procedural_Static_Disallow_Managed,197,29,3609,10,2460
snowplow/snowplow,Scripting_Dynamic_Allow_Managed,317,42,10105,12,838
snowplow/snowplow,Scripting_Dynamic_Disallow_Managed,1228,204,15253,22,2672
socketio/socket.io,Scripting_Dynamic_Allow_Managed,1402,387,34761,105,3058
soimort/you-get,Scripting_Dynamic_Disallow_Managed,2387,853,27017,197,2610
sorich87/bootstrap-tour,Scripting_Dynamic_Allow_Managed,1550,322,71696,49,2287
soyjavi/QuoJS,Scripting_Dynamic_Allow_Managed,1816,262,43396,31,1252
spark-jobserver/spark-jobserver,Functional_Static_Disallow_Managed,2444,711,48246,107,2066
spark-jobserver/spark-jobserver,Procedural_Static_Disallow_Managed,23,7,246,7,788
spark-jobserver/spark-jobserver,Scripting_Dynamic_Allow_Managed,23,1,6054,8,1613
spark-jobserver/spark-jobserver,Scripting_Dynamic_Disallow_Managed,41,8,922,8,497
spf13/cobra,Procedural_Static_Disallow_Managed,806,235,20671,118,2236
spray/spray,Functional_Static_Disallow_Managed,11222,1194,141005,81,2098
spray/spray,Scripting_Dynamic_Allow_Managed,131,21,7134,4,1544
spray/spray,Scripting_Dynamic_Disallow_Managed,22,1,263,3,1029
spree/spree,Procedural_Dynamic_Allow_Managed,18,2,144,4,855
spree/spree,Scripting_Dynamic_Allow_Managed,3154,1038,141777,174,4291
spree/spree,Scripting_Dynamic_Disallow_Managed,42775,12033,691525,752,4301
spring-projects/spring-boot,Procedural_Static_Disallow_Managed,82390,11678,1107756,568,2420
spring-projects/spring-boot,Scripting_Dynamic_Allow_Managed,42,3,42925,8,2240
spring-projects/spring-boot,Scripting_Dynamic_Disallow_Managed,10,2,60,6,1956
spring-projects/spring-framework,Procedural_Static_Disallow_Managed,127646,29462,2413853,418,4170
spring-projects/spring-framework,Scripting_Dynamic_Allow_Managed,65,5,292,12,3339
spring-projects/spring-framework,Scripting_Dynamic_Disallow_Managed,31,0,123,6,3017
sqitchers/sqitch,Scripting_Dynamic_Allow_Managed,5261,487,49291,29,2621
sqlitebrowser/sqlitebrowser,Procedural_Static_Allow_Unmanaged,6027,1355,680627,79,5937
square/okhttp,Procedural_Static_Disallow_Managed,9197,1559,217377,202,3119
square/picasso,Procedural_Static_Disallow_Managed,2401,298,33247,107,2418
square/retrofit,Procedural_Static_Disallow_Managed,3446,306,71528,119,3328
stedolan/jq,Procedural_Static_Allow_Unmanaged,1445,462,79183,51,2653
stedolan/jq,Scripting_Dynamic_Allow_Managed,17,6,4381,3,2175
stedolan/jq,Scripting_Dynamic_Disallow_Managed,13,1,353,4,2358
storybookjs/storybook,Procedural_Static_Allow_Unmanaged,52,4,705,6,492
storybookjs/storybook,Procedural_Static_Disallow_Managed,36,3,285,6,492
storybookjs/storybook,Scripting_Dynamic_Allow_Managed,23640,4564,264186,586,1460
swiftmailer/swiftmailer,Scripting_Dynamic_Allow_Managed,7272,1660,242210,149,4390
swoole/swoole-src,Procedural_Static_Allow_Unmanaged,19777,5125,452422,166,2698
swoole/swoole-src,Procedural_Static_Disallow_Managed,23,3,274,4,1992
swoole/swoole-src,Scripting_Dynamic_Allow_Managed,2921,436,57856,52,2698
swoole/swoole-src,Scripting_Dynamic_Disallow_Managed,8,1,144,4,1495
symfony/symfony,Scripting_Dynamic_Allow_Managed,106133,30574,1466883,2395,3627
syncthing/syncthing,Procedural_Static_Disallow_Managed,21032,6741,3038358,151,2184
syncthing/syncthing,Scripting_Dynamic_Allow_Managed,858,338,109720,65,2165
taigaio/taiga-front,Scripting_Dynamic_Allow_Managed,8416,1960,146279,40,1988
taigaio/taiga-front,Scripting_Dynamic_Disallow_Managed,20,6,524,5,1253
taosdata/TDengine,Procedural_Static_Allow_Unmanaged,2164,462,200484,25,153
taosdata/TDengine,Procedural_Static_Disallow_Managed,49,15,3524,10,140
taosdata/TDengine,Scripting_Dynamic_Allow_Managed,61,24,2675,1,83
taosdata/TDengine,Scripting_Dynamic_Disallow_Managed,75,60,3680,2,118
tarantool/tarantool,Procedural_Dynamic_Allow_Managed,7904,2325,336707,106,3070
tarantool/tarantool,Procedural_Static_Allow_Unmanaged,27553,7011,1107016,124,3375
tarantool/tarantool,Scripting_Dynamic_Allow_Managed,393,94,12987,15,2118
tarantool/tarantool,Scripting_Dynamic_Disallow_Managed,1171,286,20535,40,3239
teamcapybara/capybara,Scripting_Dynamic_Allow_Managed,66,13,10858,15,3660
teamcapybara/capybara,Scripting_Dynamic_Disallow_Managed,7033,967,72725,262,3685
telegramdesktop/tdesktop,Procedural_Static_Allow_Unmanaged,43309,7220,1266638,68,1992
telegramdesktop/tdesktop,Scripting_Dynamic_Disallow_Managed,124,18,4184,3,1986
tensorflow/models,Procedural_Static_Allow_Unmanaged,1398,94,109129,23,1353
tensorflow/models,Scripting_Dynamic_Disallow_Managed,10262,1995,663267,517,1426
tensorflow/tensorflow,Functional_Static_Disallow_Managed,157,1,5666,4,245
tensorflow/tensorflow,Procedural_Static_Allow_Unmanaged,126593,16610,4046024,1079,1495
tensorflow/tensorflow,Procedural_Static_Disallow_Managed,2400,303,4150273,150,1491
tensorflow/tensorflow,Scripting_Dynamic_Allow_Managed,105,22,1484,16,575
tensorflow/tensorflow,Scripting_Dynamic_Disallow_Managed,83438,14242,2798016,1668,1495
tensorflow/tfjs,Procedural_Static_Allow_Unmanaged,423,75,11497,11,655
tensorflow/tfjs,Scripting_Dynamic_Allow_Managed,416,79,30918,21,859
tensorflow/tfjs,Scripting_Dynamic_Disallow_Managed,599,188,27980,27,853
tesseract-ocr/tesseract,Procedural_Static_Allow_Unmanaged,13529,4127,763051,114,4655
tesseract-ocr/tesseract,Procedural_Static_Disallow_Managed,63,35,2669,4,3802
tesseract-ocr/tesseract,Scripting_Dynamic_Disallow_Managed,51,23,4356,11,2804
testerSunshine/12306,Scripting_Dynamic_Disallow_Managed,703,96,10841,20,884
the-control-group/voyager,Scripting_Dynamic_Allow_Managed,7796,2408,810275,369,1134
thephpleague/flysystem,Scripting_Dynamic_Allow_Managed,2221,827,35030,132,2233
thepracticaldev/dev.to,Scripting_Dynamic_Allow_Managed,1135,421,30061,83,645
thepracticaldev/dev.to,Scripting_Dynamic_Disallow_Managed,7201,2475,71998,169,650
thoughtbot/bourbon,Scripting_Dynamic_Disallow_Managed,348,28,2717,33,2944
thoughtbot/paperclip,Scripting_Dynamic_Disallow_Managed,3137,681,37739,341,4009
tmux/tmux,Procedural_Static_Allow_Unmanaged,16637,3565,261043,42,4537
tmuxinator/tmuxinator,Scripting_Dynamic_Disallow_Managed,685,182,7732,79,3278
tobie/ua-parser,Procedural_Static_Disallow_Managed,200,34,5101,15,868
tobie/ua-parser,Scripting_Dynamic_Allow_Managed,412,46,35725,15,1197
tobie/ua-parser,Scripting_Dynamic_Disallow_Managed,70,20,1739,17,946
tootsuite/mastodon,Scripting_Dynamic_Allow_Managed,6062,2058,67576,250,1387
tootsuite/mastodon,Scripting_Dynamic_Disallow_Managed,11028,3965,106695,258,1386
torch/torch7,Procedural_Dynamic_Allow_Managed,428,97,11290,91,1992
torch/torch7,Procedural_Static_Allow_Unmanaged,1154,226,33298,112,2064
tornadoweb/tornado,Procedural_Static_Allow_Unmanaged,10,4,208,7,3724
tornadoweb/tornado,Scripting_Dynamic_Allow_Managed,12,2,269,7,3212
tornadoweb/tornado,Scripting_Dynamic_Disallow_Managed,6669,1366,100285,370,3732
torvalds/linux,Procedural_Static_Allow_Unmanaged,1694098,414313,42542414,26531,6655
torvalds/linux,Scripting_Dynamic_Allow_Managed,1455,396,51734,278,5256
torvalds/linux,Scripting_Dynamic_Disallow_Managed,830,148,43613,139,4887
trekhleb/javascript-algorithms,Scripting_Dynamic_Allow_Managed,997,152,24651,52,456
tristanhimmelman/ObjectMapper,Functional_Static_Disallow_Managed,1225,156,24932,93,1697
tristanhimmelman/ObjectMapper,Procedural_Static_Allow_Unmanaged,21,0,229,4,1489
tsenart/vegeta,Procedural_Static_Disallow_Managed,679,146,29988,39,2273
turbolinks/turbolinks-classic,Scripting_Dynamic_Allow_Managed,332,108,3031,51,1112
turbolinks/turbolinks-classic,Scripting_Dynamic_Disallow_Managed,134,34,1429,21,1124
twbs/bootstrap,Scripting_Dynamic_Allow_Managed,9544,1447,326022,300,3134
twbs/bootstrap,Scripting_Dynamic_Disallow_Managed,47,15,470,15,1552
twbs/bootstrap-sass,Scripting_Dynamic_Allow_Managed,925,47,21815,14,2703
twbs/bootstrap-sass,Scripting_Dynamic_Disallow_Managed,595,102,4487,31,2681
twitter-archive/flockdb,Functional_Static_Disallow_Managed,1380,233,13441,18,722
twitter-archive/flockdb,Scripting_Dynamic_Disallow_Managed,13,1,1709,2,533
twitter-archive/gizzard,Functional_Static_Disallow_Managed,2893,326,31099,29,793
twitter-archive/gizzard,Scripting_Dynamic_Disallow_Managed,18,2,906,4,47
twitter-archive/kestrel,Functional_Static_Disallow_Managed,1781,305,29402,37,2707
twitter-archive/kestrel,Procedural_Static_Disallow_Managed,14,1,0,1,89
twitter-archive/snowflake,Functional_Static_Disallow_Managed,349,34,2511,14,1539
twitter-archive/snowflake,Procedural_Static_Disallow_Managed,15,0,0,3,607
twitter-archive/snowflake,Scripting_Dynamic_Disallow_Managed,16,1,70,4,1464
twitter/finagle,Functional_Static_Disallow_Managed,26146,5199,513750,370,3340
twitter/finagle,Procedural_Static_Disallow_Managed,902,154,69232,72,3336
twitter/finagle,Scripting_Dynamic_Disallow_Managed,77,11,1382,21,2890
twitter/scalding,Functional_Static_Disallow_Managed,6313,913,140091,204,2885
twitter/scalding,Procedural_Static_Disallow_Managed,103,15,5749,18,2127
twitter/scalding,Scripting_Dynamic_Disallow_Managed,109,23,2203,30,2702
twitter/summingbird,Functional_Static_Disallow_Managed,3725,475,58754,44,2226
twitter/summingbird,Procedural_Static_Disallow_Managed,186,11,2249,6,1330
twitter/twemproxy,Procedural_Static_Allow_Unmanaged,592,104,12558,33,2212
twitter/twemproxy,Scripting_Dynamic_Disallow_Managed,33,3,1802,6,1051
twitter/util,Functional_Static_Disallow_Managed,5319,1023,131079,237,3412
twitter/util,Procedural_Static_Disallow_Managed,251,20,6748,48,3324
tymondesigns/jwt-auth,Scripting_Dynamic_Allow_Managed,2756,1054,23314,67,1830
typelevel/cats,Functional_Static_Disallow_Managed,8596,1560,104429,274,1777
typeorm/typeorm,Scripting_Dynamic_Allow_Managed,22,4,909,5,1180
uglide/RedisDesktopManager,Procedural_Static_Allow_Unmanaged,6516,862,512714,23,2260
uglide/RedisDesktopManager,Scripting_Dynamic_Allow_Managed,58,22,2104,4,1741
uglide/RedisDesktopManager,Scripting_Dynamic_Disallow_Managed,825,13,72520,2,2123
ustbhuangyi/better-scroll,Scripting_Dynamic_Allow_Managed,1318,180,61941,24,1334
v2ray/v2ray-core,Procedural_Static_Disallow_Managed,15190,1196,357233,50,1555
v8/v8,Procedural_Dynamic_Allow_Managed,34,11,791,16,3155
v8/v8,Procedural_Static_Allow_Unmanaged,286961,51580,6338440,774,4178
v8/v8,Scripting_Dynamic_Allow_Managed,34475,6752,1445442,409,4177
v8/v8,Scripting_Dynamic_Disallow_Managed,5919,778,150453,299,4176
vapor/vapor,Functional_Static_Disallow_Managed,16445,1507,325317,134,1422
vapor/vapor,Procedural_Static_Allow_Unmanaged,22,0,217018,7,1335
videolan/x265,Procedural_Static_Allow_Unmanaged,24205,3018,589981,153,2384
videolan/x265,Scripting_Dynamic_Disallow_Managed,20,0,319,3,614
virtualagc/virtualagc,Procedural_Static_Allow_Unmanaged,1322,340,139121,13,4135
virtualagc/virtualagc,Scripting_Dynamic_Disallow_Managed,365,80,17353,4,3631
vnpy/vnpy,Procedural_Static_Allow_Unmanaged,5874,61,1175970,15,1698
vnpy/vnpy,Scripting_Dynamic_Disallow_Managed,7054,514,537562,88,1718
vuejs/vue,Scripting_Dynamic_Allow_Managed,7645,1947,479939,239,1333
vuetifyjs/vuetify,Scripting_Dynamic_Allow_Managed,15474,4286,422213,190,1175
vurtun/nuklear,Procedural_Static_Allow_Unmanaged,2737,988,291709,94,1671
wagoodman/dive,Procedural_Static_Disallow_Managed,922,178,23256,13,563
webmin/webmin,Functional_Static_Disallow_Managed,107,7,364,3,3985
webmin/webmin,Procedural_Static_Allow_Unmanaged,38,8,716,3,4042
webmin/webmin,Procedural_Static_Disallow_Managed,119,8,2852,2,3856
webmin/webmin,Scripting_Dynamic_Allow_Managed,9341,2165,383606,67,4624
webmin/webmin,Scripting_Dynamic_Disallow_Managed,16,2,2203,3,3714
webpack/webpack,Scripting_Dynamic_Allow_Managed,22188,4687,303894,553,2826
wireapp/wire-android,Functional_Static_Disallow_Managed,8760,1808,211026,34,1439
wireapp/wire-android,Procedural_Static_Disallow_Managed,4922,572,67788,29,1437
x64dbg/x64dbg,Procedural_Static_Allow_Unmanaged,14368,4111,475762,95,2201
xmartlabs/Eureka,Functional_Static_Disallow_Managed,1578,478,29538,126,1514
yahoo/kafka-manager,Functional_Static_Disallow_Managed,1189,139,21650,55,1553
yakyak/yakyak,Scripting_Dynamic_Allow_Managed,1599,295,16572,65,1357
yarnpkg/yarn,Scripting_Dynamic_Allow_Managed,6373,2842,93317,482,1417
ycm-core/YouCompleteMe,Procedural_Static_Allow_Unmanaged,25093,274,2340043,17,2777
ycm-core/YouCompleteMe,Scripting_Dynamic_Disallow_Managed,2385,532,57623,59,2784
yiisoft/yii2,Scripting_Dynamic_Allow_Managed,34966,10575,807048,893,3071
ytdl-org/youtube-dl,Scripting_Dynamic_Disallow_Managed,20402,4733,299470,806,2939
yuki-kimoto/gitprep,Scripting_Dynamic_Allow_Managed,1294,101,36824,6,2036
zxing/zxing,Procedural_Static_Allow_Unmanaged,4563,392,143309,21,2104
zxing/zxing,Procedural_Static_Disallow_Managed,8692,950,223603,84,4297
zxing/zxing,Scripting_Dynamic_Disallow_Managed,381,0,47459,6,1879
