project,language,commits,bcommits,tins,devs,max_commit_age
0xd4d/dnSpy,C#,50992,5003,660833,27,1314
30-seconds/30-seconds-of-code,JavaScript,9797,227,110986,66,741
AFNetworking/AFNetworking,C,1094,190,10243,112,3063
AFNetworking/AFNetworking,Objective-C,2493,654,38366,292,3069
AFNetworking/AFNetworking,Swift,18,4,300,2,369
Alamofire/Alamofire,C,10,2,53,3,1315
Alamofire/Alamofire,Swift,2364,450,67111,121,1958
ApolloAuto/apollo,C,31062,3361,1066132,267,889
ApolloAuto/apollo,C++,34013,6606,854565,297,889
ApolloAuto/apollo,JavaScript,1894,191,20990,25,887
ApolloAuto/apollo,Python,2353,311,65724,112,885
App-vNext/Polly,C#,3144,317,106600,44,2395
AshesOfOwls/jquery.shapeshift,CoffeeScript,72,7,3503,2,115
AshesOfOwls/jquery.shapeshift,JavaScript,381,43,10583,6,267
AutoMapper/AutoMapper,C#,10507,1574,263400,140,3966
AvaloniaUI/Avalonia,C,127,13,2364,5,441
AvaloniaUI/Avalonia,C#,26999,4283,580699,137,2190
AvaloniaUI/Avalonia,Objective-C,191,52,4871,8,446
BVLC/caffe,C++,5234,1016,113511,171,1763
BVLC/caffe,Objective-C,102,40,1624,15,1258
BVLC/caffe,Python,594,120,95607,94,1793
BabylonJS/Babylon.js,C,1266,259,136125,4,824
BabylonJS/Babylon.js,C#,1354,210,54230,27,1495
BabylonJS/Babylon.js,C++,147,39,29744,5,824
BabylonJS/Babylon.js,JavaScript,58510,13364,14209168,162,2358
BabylonJS/Babylon.js,Python,208,48,14337,26,1561
BabylonJS/Babylon.js,TypeScript,41231,9163,25471706,346,2342
Blankj/AndroidUtilCode,Java,4928,7,201153,33,1214
Blankj/AndroidUtilCode,JavaScript,11621,0,633276,2,283
BradLarson/GPUImage,C,1487,218,10922,78,1561
BradLarson/GPUImage,Objective-C,2737,806,57681,143,1562
BradLarson/GPUImage,Swift,43,15,2026,4,614
CMU-Perceptual-Computing-Lab/openpose,C++,4729,847,88672,27,927
CMU-Perceptual-Computing-Lab/openpose,Python,149,30,2362,7,823
CachetHQ/Cachet,JavaScript,389,76,362422,26,1787
CachetHQ/Cachet,PHP,14150,3173,185507,160,1822
Carthage/Carthage,C,793,147,9493,11,1542
Carthage/Carthage,Objective-C,928,170,30374,2,42
Carthage/Carthage,Swift,5720,744,62345,136,1811
CocoaLumberjack/CocoaLumberjack,C,1142,190,10881,75,3333
CocoaLumberjack/CocoaLumberjack,Objective-C,1677,332,66050,117,3437
CocoaLumberjack/CocoaLumberjack,Swift,202,41,1959,25,1850
CocoaPods/CocoaPods,C,587,22,7968,23,3004
CocoaPods/CocoaPods,Objective-C,444,43,27271,21,3004
CocoaPods/CocoaPods,Ruby,11308,2206,141622,330,3037
CocoaPods/CocoaPods,Swift,153,30,19029,11,1772
CodeHubApp/CodeHub,C#,7095,936,140951,4,1947
CodeHubApp/CodeHub,JavaScript,42,4,3098,1,1497
CoderMJLee/MJRefresh,C,273,37,1823,20,2014
CoderMJLee/MJRefresh,Objective-C,521,99,8773,47,2014
ColorlibHQ/AdminLTE,JavaScript,4855,361,999549,30,2171
ColorlibHQ/AdminLTE,PHP,10,0,1067,3,2072
CorsixTH/CorsixTH,C,977,162,80145,23,3725
CorsixTH/CorsixTH,C++,1263,408,86749,33,3725
CorsixTH/CorsixTH,Java,113,22,20554,6,2017
CorsixTH/CorsixTH,Lua,7923,3125,221821,92,3765
CorsixTH/CorsixTH,Python,42,3,419,6,1757
CosmicMind/Material,C,22,0,158,4,1274
CosmicMind/Material,Swift,9859,787,203784,64,1510
CymChad/BaseRecyclerViewAdapterHelper,Java,1137,279,18207,55,1330
DefinitelyTyped/DefinitelyTyped,JavaScript,186,13,1371318,27,2201
DefinitelyTyped/DefinitelyTyped,TypeScript,159924,31716,12008184,13206,2622
Dogfalo/materialize,JavaScript,2836,808,107743,143,1826
EOSIO/eos,C,1683,112,66421,32,687
EOSIO/eos,C++,17943,3161,554862,147,939
EOSIO/eos,JavaScript,3448,431,136898,14,740
EOSIO/eos,Perl,18,5,690,6,460
EOSIO/eos,Python,859,134,26540,41,894
Eugeny/terminus,JavaScript,365,105,2501,3,1065
Eugeny/terminus,TypeScript,2285,596,20380,20,1081
FFmpeg/FFmpeg,Assembly,2231,412,107507,94,4088
FFmpeg/FFmpeg,C,140974,31267,2978354,1922,6930
FFmpeg/FFmpeg,C++,225,54,5420,48,6152
FFmpeg/FFmpeg,Objective-C,46,9,3189,17,1967
FFmpeg/FFmpeg,Perl,45,8,1454,17,4786
FFmpeg/FFmpeg,Python,17,0,601,3,2408
FelisCatus/SwitchyOmega,CoffeeScript,548,308,7138,2,1436
FelisCatus/SwitchyOmega,JavaScript,36,19,895,1,1271
Flipboard/FLEX,C,467,55,5135,36,2007
Flipboard/FLEX,Objective-C,1257,199,29958,64,2011
FriendsOfPHP/PHP-CS-Fixer,PHP,15214,3760,320059,247,2762
Genymobile/scrcpy,C,1123,285,16031,20,727
Genymobile/scrcpy,Java,325,82,4339,9,723
GoogleCloudPlatform/microservices-demo,C#,60,15,8156,4,424
GoogleCloudPlatform/microservices-demo,Go,356,56,29339,16,388
GoogleCloudPlatform/microservices-demo,Java,13,1,661,4,294
GoogleCloudPlatform/microservices-demo,JavaScript,53,15,674,7,334
GoogleCloudPlatform/microservices-demo,Python,68,10,5952,9,463
HangfireIO/Hangfire,C#,10888,1231,182204,97,2310
HangfireIO/Hangfire,JavaScript,262,24,115055,10,2265
HangfireIO/Hangfire,Python,10,2,283,2,140
HeroTransitions/Hero,Swift,1080,351,15025,54,1046
Homebrew/brew,Ruby,32926,5069,319206,661,3856
Homebrew/brew,Swift,10,5,164,3,858
Homebrew/homebrew-cask,Ruby,113085,5501,332472,7266,2832
Homebrew/homebrew-core,Ruby,181900,12278,841651,10748,3841
IBAnimatable/IBAnimatable,Swift,5782,1155,52474,42,1454
IBM-Swift/Kitura,Swift,1721,263,43215,79,1367
IdentityServer/IdentityServer4,C#,9772,394,158846,88,1480
IdentityServer/IdentityServer4,JavaScript,504,2,569120,3,1435
Instagram/IGListKit,C,958,209,5873,81,1149
Instagram/IGListKit,Objective-C,1087,322,19707,99,1148
Instagram/IGListKit,Swift,708,130,5829,41,1135
Instagram/IGListKit,TypeScript,20,1,1013,5,551
Intervention/image,PHP,1588,402,26936,88,2477
JakeWharton/butterknife,Java,2111,132,42841,57,2438
JamesNK/Newtonsoft.Json,C#,11547,3704,414797,103,4463
JeffreySu/WeiXinMPSDK,C#,21890,152,406833,130,2519
JeffreySu/WeiXinMPSDK,JavaScript,523,4,228543,8,2500
JeremySkinner/FluentValidation,C#,4357,722,78726,122,3635
JohnCoates/Aerial,Swift,742,214,21822,11,1501
KnightOS/KnightOS,Assembly,1205,227,67981,14,880
KnightOS/KnightOS,C#,58,18,1205,2,223
Kong/kong,Lua,15167,3411,394216,164,1849
Kong/kong,Perl,9,1,187,5,450
Kong/kong,Python,15,0,451,1,68
Leonidas-from-XIV/node-xml2js,CoffeeScript,227,50,2687,48,3007
Leonidas-from-XIV/node-xml2js,JavaScript,150,37,2046,41,3334
MahApps/MahApps.Metro,C#,4789,1073,132375,168,3234
Mantle/Mantle,C,466,59,6024,37,2062
Mantle/Mantle,Objective-C,964,165,15284,44,1394
MaterialDesignInXAML/MaterialDesignInXamlToolkit,C#,1659,320,46826,86,1764
MonoGame/MonoGame,C#,20147,5469,713740,375,3738
Moya/Moya,C,1915,44,20840,10,913
Moya/Moya,Objective-C,718,20,32677,7,132
Moya/Moya,Swift,3755,571,96772,115,1789
NancyFx/Nancy,C#,11854,1776,207187,329,3221
NancyFx/Nancy,JavaScript,70,7,4856,8,1842
NancyFx/Nancy,Ruby,65,12,868,11,2246
NationalSecurityAgency/ghidra,C,129,18,28080,10,205
NationalSecurityAgency/ghidra,C++,394,76,107570,13,244
NationalSecurityAgency/ghidra,Java,15325,2556,2085466,42,260
NationalSecurityAgency/ghidra,Python,50,12,14515,9,199
NativeScript/NativeScript,C,18,0,225,7,1267
NativeScript/NativeScript,Java,382,88,24113,36,1582
NativeScript/NativeScript,JavaScript,247,45,16902,30,1736
NativeScript/NativeScript,Objective-C,17,2,526,8,1267
NativeScript/NativeScript,TypeScript,18578,5183,2930724,184,2093
Netflix/Hystrix,Java,3307,453,163335,95,2215
Netflix/Hystrix,JavaScript,29,11,1006,12,1859
Netflix/atlas,Java,69,23,898,4,1756
Netflix/atlas,Scala,5228,1666,67990,18,1824
NickeManarin/ScreenToGif,C#,3130,773,206413,27,2239
OpenEmu/OpenEmu,C,10963,1196,946164,50,3948
OpenEmu/OpenEmu,C++,7261,16,835232,15,3659
OpenEmu/OpenEmu,Objective-C,10362,2711,297718,86,3960
OpenEmu/OpenEmu,Swift,164,35,6200,8,1466
OpenKore/openkore,Assembly,123,17,38964,8,3439
OpenKore/openkore,C,6297,170,932663,26,5550
OpenKore/openkore,C#,169,20,11335,4,3481
OpenKore/openkore,C++,2810,132,211726,18,5626
OpenKore/openkore,JavaScript,314,1,23477,16,4322
OpenKore/openkore,PHP,8774,36,1520981,11,4283
OpenKore/openkore,Perl,29559,5251,2459662,124,5868
OpenKore/openkore,Python,7671,378,774781,12,4829
OpenKore/openkore,Ruby,33,0,1568,6,3419
OpenNMT/OpenNMT,Lua,2714,471,59729,44,838
OpenNMT/OpenNMT,Python,53,2,2526,13,619
OpenRA/OpenRA,C,181,23,4229,6,2320
OpenRA/OpenRA,C#,58403,10056,601210,290,4555
OpenRA/OpenRA,Lua,1366,285,38916,40,2144
OpenRA/OpenRA,Objective-C,140,36,2827,2,1325
OpenRA/OpenRA,PHP,31,0,412,4,190
OpenRA/OpenRA,TypeScript,25,3,11227,3,1236
Openarl/PathOfBuilding,Lua,4619,1351,506990,35,1315
PHPMailer/PHPMailer,JavaScript,78,1,7352,5,2799
PHPMailer/PHPMailer,PHP,1531,299,36658,168,4045
PHPOffice/PHPExcel,PHP,4471,1038,284133,66,2225
PerfectlySoft/Perfect,C,3175,12,412983,4,231
PerfectlySoft/Perfect,C++,23,2,1137,1,169
PerfectlySoft/Perfect,Swift,1625,123,45778,37,1254
PhilJay/MPAndroidChart,Java,7343,1740,144887,63,1827
PowerShell/PowerShell,C,365,50,6022,19,1327
PowerShell/PowerShell,C#,22375,3772,1343590,205,1656
PowerShell/PowerShell,C++,697,88,18171,37,1327
PowerShell/PowerShell,JavaScript,7,3,112,1,839
Quick/Quick,C,206,20,1128,27,1780
Quick/Quick,Objective-C,350,39,2449,33,1929
Quick/Quick,Swift,1530,150,13234,60,1960
ReactTraining/react-router,JavaScript,8671,1552,576300,291,1990
ReactiveCocoa/ReactiveCocoa,C,2872,173,17929,73,2839
ReactiveCocoa/ReactiveCocoa,Objective-C,5297,523,72551,89,2819
ReactiveCocoa/ReactiveCocoa,Swift,5263,505,106572,141,2000
ReactiveX/RxJava,Java,34234,10046,1471601,231,2808
ReactiveX/RxJava,Scala,1049,119,22463,24,579
ReactiveX/RxSwift,C,153,27,1574,11,1459
ReactiveX/RxSwift,JavaScript,82,19,986,2,386
ReactiveX/RxSwift,Objective-C,86,12,3413,11,1232
ReactiveX/RxSwift,Swift,14181,2070,232764,266,1619
ReactiveX/rxjs,JavaScript,4003,322,102588,61,1718
ReactiveX/rxjs,TypeScript,17510,3227,252465,292,1670
RestKit/RestKit,C,4616,541,73115,97,3229
RestKit/RestKit,JavaScript,28,1,13781,4,682
RestKit/RestKit,Objective-C,7052,1692,159208,176,3238
RestKit/RestKit,Ruby,1402,32,14592,17,1900
ReturnInfinity/BareMetal-OS-legacy,Assembly,774,129,40178,13,2012
ReturnInfinity/BareMetal-OS-legacy,C,140,26,3208,7,1997
SDWebImage/SDWebImage,C,1295,289,12054,107,3726
SDWebImage/SDWebImage,Objective-C,2519,695,38156,224,3728
SVProgressHUD/SVProgressHUD,C,180,41,722,42,2985
SVProgressHUD/SVProgressHUD,Objective-C,500,193,7486,103,2986
Seldaek/monolog,PHP,3471,1303,43306,375,3215
SeleniumHQ/selenium,C,5823,737,1060160,35,4517
SeleniumHQ/selenium,C#,9601,810,258963,65,5419
SeleniumHQ/selenium,C++,2224,637,103447,30,4517
SeleniumHQ/selenium,Go,24,3,87,8,3446
SeleniumHQ/selenium,Java,49096,5889,1019839,250,5515
SeleniumHQ/selenium,JavaScript,24684,4218,1903500,179,5510
SeleniumHQ/selenium,Objective-C,621,50,52164,12,1765
SeleniumHQ/selenium,PHP,23,0,1960,4,3021
SeleniumHQ/selenium,Perl,172,21,10333,5,1424
SeleniumHQ/selenium,Python,5709,1133,234305,200,5503
SeleniumHQ/selenium,Ruby,10205,1215,195607,133,5508
ShareX/ShareX,C#,21566,2419,399519,162,2226
Shopify/liquid,Ruby,2377,489,21576,143,4184
SignalR/SignalR,C#,13431,2663,207391,88,3005
SignalR/SignalR,JavaScript,3918,898,327386,41,2810
SnapKit/SnapKit,Swift,629,125,13828,57,1951
Sonarr/Sonarr,C#,30962,6445,455710,122,3362
Sonarr/Sonarr,JavaScript,9054,971,1094786,36,3352
SpinalHDL/VexRiscv,Assembly,54,16,58845,3,764
SpinalHDL/VexRiscv,C,40,13,4350,3,725
SpinalHDL/VexRiscv,C++,199,42,6895,4,821
SpinalHDL/VexRiscv,Python,13,1,147,2,208
SpinalHDL/VexRiscv,Scala,1591,254,30324,9,969
StackExchange/Dapper,C#,2515,463,71583,162,3138
SwifterSwift/SwifterSwift,C,19,2,105,2,440
SwifterSwift/SwifterSwift,Swift,3126,456,85130,109,1216
SwiftyJSON/SwiftyJSON,Swift,547,89,11204,81,1748
TTTAttributedLabel/TTTAttributedLabel,C,103,13,1035,24,1964
TTTAttributedLabel/TTTAttributedLabel,Objective-C,426,137,5888,98,2019
Tencent/mars,C,4940,389,666883,22,1063
Tencent/mars,C++,3913,379,140008,30,1063
Tencent/mars,Java,258,108,3988,9,1021
Tencent/mars,Objective-C,285,63,61425,9,1063
Tencent/mars,Python,158,55,3768,12,1058
Tencent/tinker,Java,1053,339,21878,20,1163
Tencent/wcdb,C,1184,44,99241,7,694
Tencent/wcdb,C++,791,46,13360,6,678
Tencent/wcdb,Java,215,31,7056,2,770
Tencent/wcdb,Objective-C,861,49,18895,8,741
Tencent/wcdb,Swift,2063,138,42519,8,500
TheAlgorithms/Java,Java,1450,458,36447,177,1242
TheAlgorithms/Python,Python,2565,254,76794,400,1239
Unitech/pm2,JavaScript,5267,1215,86580,193,2394
Unitech/pm2,Python,9,1,42,3,1817
Unitech/pm2,TypeScript,17,3,3111,7,1053
WenchaoD/FSCalendar,C,775,92,5642,12,1393
WenchaoD/FSCalendar,Objective-C,1436,334,27379,23,1753
WenchaoD/FSCalendar,Swift,84,12,1637,6,1131
WordPress/WordPress,JavaScript,17226,8036,1649844,73,6077
WordPress/WordPress,PHP,79864,39906,1153007,93,6098
Wox-launcher/Wox,C#,4205,789,80366,76,2009
Wox-launcher/Wox,C++,14,1,345,1,18
Wox-launcher/Wox,Python,3027,315,430250,5,1207
XX-net/XX-Net,C,34,2,109548,4,515
XX-net/XX-Net,JavaScript,305,64,1134,9,1283
XX-net/XX-Net,Python,7814,2091,753028,59,1683
activeadmin/activeadmin,CoffeeScript,189,42,1333,39,2527
activeadmin/activeadmin,JavaScript,314,27,35581,22,3518
activeadmin/activeadmin,Ruby,7727,1420,65623,385,3525
adam-p/markdown-here,JavaScript,744,268,57347,6,2330
adobe/brackets,C,49,1,8541,8,1457
adobe/brackets,C++,37,6,1609,10,1183
adobe/brackets,JavaScript,24687,5850,1168280,425,2911
adobe/brackets,PHP,31,5,778,6,2426
adobe/brackets,Ruby,11,3,430,6,1509
airbnb/Lona,JavaScript,3262,106,72735,10,755
airbnb/Lona,Swift,3967,216,94794,11,775
airbnb/aerosolve,Java,894,101,25909,12,769
airbnb/aerosolve,Scala,839,67,27170,19,1298
airbnb/javascript,JavaScript,637,106,5087,85,1953
airbnb/lottie-android,Java,3770,893,56960,69,1215
airbnb/lottie-ios,C,1127,69,6349,33,1177
airbnb/lottie-ios,Objective-C,1157,175,20790,66,1177
airbnb/lottie-ios,Swift,485,102,14290,31,689
airbnb/react-sketchapp,JavaScript,1666,497,24058,38,1097
airbnb/react-sketchapp,TypeScript,162,12,2526,4,676
akka/akka,Java,14639,1596,612988,295,3949
akka/akka,JavaScript,185,6,27686,18,3323
akka/akka,Python,75,13,895,21,2226
akka/akka,Scala,89853,12299,1442225,764,3949
akveo/ngx-admin,JavaScript,11,0,41,4,338
akveo/ngx-admin,TypeScript,1391,326,24555,22,907
alcatraz/Alcatraz,C,313,18,1781,13,1140
alcatraz/Alcatraz,Objective-C,721,92,8179,27,1226
alexazhou/VeryNginx,JavaScript,243,62,3903,4,230
alexazhou/VeryNginx,Lua,353,88,5139,12,1000
alexazhou/VeryNginx,Python,72,9,1014,6,1237
algorithm-archivists/algorithm-archive,C,101,58,2513,10,647
algorithm-archivists/algorithm-archive,C#,125,50,1587,3,187
algorithm-archivists/algorithm-archive,C++,91,45,2954,15,678
algorithm-archivists/algorithm-archive,Go,20,6,801,5,381
algorithm-archivists/algorithm-archive,Java,54,22,1232,14,360
algorithm-archivists/algorithm-archive,JavaScript,60,25,906,10,630
algorithm-archivists/algorithm-archive,Objective-C,17,10,189,6,202
algorithm-archivists/algorithm-archive,PHP,10,0,544,2,86
algorithm-archivists/algorithm-archive,Python,78,32,1401,22,665
algorithm-archivists/algorithm-archive,Ruby,7,2,253,5,150
algorithm-archivists/algorithm-archive,Scala,7,2,254,3,81
algorithm-archivists/algorithm-archive,Swift,25,8,438,2,91
alibaba/arthas,Java,807,140,44969,42,466
alibaba/arthas,JavaScript,15,1,18908,2,453
alibaba/arthas,Python,18,2,723,1,368
alibaba/druid,Java,36473,11605,806785,169,3120
alibaba/druid,JavaScript,166,19,15361,21,2660
alibaba/fastjson,Java,13986,2279,334729,134,3048
alibaba/tengine,C,3759,402,379516,86,2929
alibaba/tengine,C++,25,13,4105,6,2832
alibaba/tengine,Perl,121,3,19350,19,2653
allinurl/goaccess,C,3423,820,80077,65,3429
allinurl/goaccess,JavaScript,142,60,6331,9,1378
andlabs/libui,C,4944,877,84325,10,1623
andlabs/libui,C++,1240,249,27420,6,1237
andlabs/libui,Go,40,4,1562,1,1432
andlabs/libui,Objective-C,1751,410,32586,5,1241
andlabs/libui,Swift,124,38,1935,1,1318
angular-ui/angular-google-maps,CoffeeScript,2582,689,34989,87,1262
angular-ui/angular-google-maps,JavaScript,3648,863,988484,81,1603
angular-ui/ui-router,JavaScript,1860,575,393002,139,2170
angular-ui/ui-router,TypeScript,2777,696,57739,60,1853
angular/angular,JavaScript,13149,2615,400105,185,1904
angular/angular,TypeScript,73897,22017,1507639,713,1757
angular/angular-cli,JavaScript,1677,387,178017,96,1665
angular/angular-cli,TypeScript,11108,3614,216450,334,1671
angular/angular.js,Java,45,4,2,9,2912
angular/angular.js,JavaScript,26163,9022,646606,1182,3592
angular/angular.js,Ruby,10,1,71,3,1334
angular/components,JavaScript,455,122,7549,36,1435
angular/components,TypeScript,21987,8579,374074,279,1435
ansible/ansible,C#,33,17,4522,5,750
ansible/ansible,JavaScript,351,50,4963,18,2729
ansible/ansible,Python,76098,29472,2585532,4828,2866
ant-design/ant-design,JavaScript,6527,1748,83636,297,1676
ant-design/ant-design,TypeScript,6286,2386,66690,597,1328
ant-design/ant-design-pro,JavaScript,3992,1282,60594,198,830
ant-design/ant-design-pro,TypeScript,785,289,10369,64,743
antirez/redis,C,10979,3098,343846,341,3915
antirez/redis,C++,17,0,1997,1,3302
antirez/redis,Python,11,2,625,2,3348
antirez/redis,Ruby,261,59,6809,18,3616
apache/dubbo,C++,14,2,2420,1,97
apache/dubbo,Java,27660,3017,814582,298,2973
apache/incubator-apisix,Lua,888,185,16778,21,244
apache/incubator-apisix,Perl,42,7,399,7,213
apache/incubator-mxnet,C,6201,2602,255499,319,1685
apache/incubator-mxnet,C++,5166,2448,167416,333,1685
apache/incubator-mxnet,Java,117,23,7329,10,1310
apache/incubator-mxnet,JavaScript,121,60,15991,20,1279
apache/incubator-mxnet,Objective-C,26,6,1358,3,764
apache/incubator-mxnet,Perl,624,225,50459,22,993
apache/incubator-mxnet,Python,10363,4765,386177,604,1627
apache/incubator-mxnet,Scala,2126,550,51900,58,1429
apache/incubator-weex,C,6610,717,438121,100,1268
apache/incubator-weex,C++,1348,318,134544,42,761
apache/incubator-weex,Java,14430,2579,479642,128,1325
apache/incubator-weex,JavaScript,9465,1753,1594537,82,1297
apache/incubator-weex,Objective-C,5301,1628,131556,146,1276
apache/incubator-weex,Python,67,0,22205,7,452
apache/openwhisk,C,11,2,31,5,574
apache/openwhisk,Go,746,173,31826,29,530
apache/openwhisk,Java,282,49,2732,35,1327
apache/openwhisk,JavaScript,393,55,11399,49,1322
apache/openwhisk,Python,293,59,5300,40,1329
apache/openwhisk,Scala,7489,1031,178595,121,1387
apache/openwhisk,Swift,123,14,1468,21,1181
apache/predictionio,Java,1141,39,9658,13,1634
apache/predictionio,JavaScript,542,16,67319,11,1634
apache/predictionio,Python,359,42,7141,26,2029
apache/predictionio,Ruby,55,4,788,8,1191
apache/predictionio,Scala,9656,913,201771,77,2468
apache/spark,C,26,0,49,4,1651
apache/spark,Java,8606,1885,315814,428,3537
apache/spark,JavaScript,209,52,10295,63,3296
apache/spark,Python,6242,1472,157879,541,3403
apache/spark,Ruby,47,9,507,28,2618
apache/spark,Scala,86113,22245,1712826,1832,3538
apollographql/apollo-client,JavaScript,363,60,28119,31,1357
apollographql/apollo-client,TypeScript,5808,1213,221329,256,1334
apple/swift,C,40613,6537,547658,356,3433
apple/swift,C++,101525,20379,1956311,532,3433
apple/swift,JavaScript,9,2,719,7,2179
apple/swift,Objective-C,1321,240,27321,92,2758
apple/swift,Python,2700,612,55126,162,2695
apple/swift,Ruby,11,0,2179,4,711
apple/swift,Swift,132740,24359,1597909,665,3432
apple/swift-package-manager,C,114,6,857,10,1288
apple/swift-package-manager,Swift,11841,1810,165782,236,1501
aria2/aria2,C,10965,1383,153775,23,4957
aria2/aria2,C++,18687,2657,310501,29,4984
aria2/aria2,Python,14,2,576,2,2103
arut/nginx-rtmp-module,C,1407,398,51485,10,2029
aspnet/AspNetCore,C,2304,198,114661,16,1184
aspnet/AspNetCore,C#,172271,20514,3478947,672,2190
aspnet/AspNetCore,C++,2014,154,151307,19,1184
aspnet/AspNetCore,Java,797,28,11459,5,482
aspnet/AspNetCore,JavaScript,4435,512,820537,78,2129
aspnet/AspNetCore,Python,197,1,16847,6,389
aspnet/AspNetCore,TypeScript,3933,718,94986,94,2029
aspnet/AspNetCore.Docs,C#,18678,2402,380193,238,1712
aspnet/AspNetCore.Docs,JavaScript,6492,677,2673901,57,1708
aspnet/AspNetCore.Docs,Python,92,5,1729,11,626
aspnet/AspNetCore.Docs,TypeScript,76,14,1271,10,873
aspnet/EntityFrameworkCore,C#,94379,21051,2134172,214,2147
aspnet/Mvc,C#,40342,8071,745148,196,1810
aspnet/Mvc,JavaScript,55,7,443,12,1230
aspnetboilerplate/aspnetboilerplate,C#,16842,4221,236066,127,2305
aspnetboilerplate/aspnetboilerplate,JavaScript,1779,221,494310,27,2304
aspnetboilerplate/aspnetboilerplate,TypeScript,28,10,710,6,1152
astaxie/beego,Go,6842,1542,304645,394,2814
atom/vim-mode,CoffeeScript,1502,370,19176,84,1020
awesomeWM/awesome,C,11793,1548,129882,126,4459
awesomeWM/awesome,Lua,4747,1250,90290,159,4222
awesomeWM/awesome,Python,15,0,381,2,53
axios/axios,JavaScript,1060,208,47001,123,1938
axios/axios,TypeScript,62,10,836,30,1811
axkibe/lsyncd,C,345,62,15740,5,3569
axkibe/lsyncd,Lua,686,150,23786,19,2702
babel/babel,JavaScript,74572,12231,903557,707,2634
babel/babel,TypeScript,62,17,311,17,560
bang590/JSPatch,C,316,48,28347,20,1038
bang590/JSPatch,JavaScript,183,38,6733,29,1038
bang590/JSPatch,Objective-C,444,121,12100,50,1038
barryvdh/laravel-debugbar,JavaScript,14,3,580,5,1482
barryvdh/laravel-debugbar,PHP,850,224,10988,93,2283
barryvdh/laravel-ide-helper,PHP,488,163,19303,114,2396
basecamp/pow,CoffeeScript,395,49,4373,11,2624
basecamp/pow,JavaScript,392,33,8816,13,2650
basecamp/trix,CoffeeScript,4817,836,43526,20,2108
basecamp/trix,JavaScript,89,0,32264,2,2086
basecamp/trix,Ruby,46,1,751,2,597
bcit-ci/CodeIgniter,JavaScript,121,21,3813,19,4623
bcit-ci/CodeIgniter,PHP,15851,3672,284086,523,4811
bcit-ci/CodeIgniter,Python,75,4,513,15,2905
bergie/hallo,CoffeeScript,559,156,8053,27,2040
bergie/hallo,JavaScript,470,94,93712,19,1356
beyondgrep/ack1,PHP,24,2,393,4,967
beyondgrep/ack1,Perl,567,70,5134,23,2088
beyondgrep/ack2,Perl,898,108,13148,38,2966
bilibili/ijkplayer,C,3383,365,69036,30,1702
bilibili/ijkplayer,C++,113,3,8817,3,1554
bilibili/ijkplayer,Java,876,61,17653,21,1702
bilibili/ijkplayer,Objective-C,833,127,18121,30,1595
bitcoin/bitcoin,C,10081,1596,184143,333,3750
bitcoin/bitcoin,C++,21901,3816,396512,578,3754
bitcoin/bitcoin,Objective-C,30,9,394,16,2878
bitcoin/bitcoin,Python,4996,532,72697,210,3097
bitcoin/bitcoin,TypeScript,2806,249,782851,15,3020
blueimp/jQuery-File-Upload,Go,28,2,1033,3,2517
blueimp/jQuery-File-Upload,JavaScript,827,207,51344,62,3279
blueimp/jQuery-File-Upload,PHP,194,63,3537,30,3147
blueimp/jQuery-File-Upload,Python,24,0,356,2,1918
brendangregg/FlameGraph,Perl,217,45,4322,50,2869
briannesbitt/Carbon,PHP,12973,3404,399243,240,2650
briansmith/ring,C,15897,2720,427492,111,1872
briansmith/ring,C++,3791,501,127866,61,1823
briansmith/ring,Go,2101,363,80038,32,1812
briansmith/ring,Perl,1174,247,64958,15,1849
briansmith/ring,Python,268,23,12632,25,1609
bumptech/glide,Java,15532,2999,287178,141,2537
caddyserver/caddy,Go,8718,2819,934174,264,1786
capistrano/capistrano,JavaScript,106,3,33696,4,1565
capistrano/capistrano,Ruby,1419,494,14470,127,2430
carrierwaveuploader/carrierwave,Ruby,2776,555,37531,286,4047
ccgus/fmdb,C,258,33,4791,34,3124
ccgus/fmdb,Objective-C,452,111,11469,65,3124
ccgus/fmdb,Swift,10,0,236,4,1750
cdr/code-server,JavaScript,269,74,16851,9,295
cdr/code-server,TypeScript,1429,417,37476,18,335
cefsharp/CefSharp,C,3884,552,66692,88,3291
cefsharp/CefSharp,C#,6354,1053,81170,128,3290
cefsharp/CefSharp,C++,2023,331,28242,77,3290
certbot/certbot,C,12,0,161,2,1293
certbot/certbot,Python,14675,2786,186246,290,2752
chaplinjs/chaplin,CoffeeScript,2082,281,31874,61,2606
chaplinjs/chaplin,JavaScript,811,33,58976,8,1455
chaplinjs/chaplin,Ruby,13,0,253,2,146
chartjs/Chart.js,JavaScript,4874,1204,474429,229,2456
chocolatey/choco,C#,4080,812,67983,49,2169
chrisbanes/PhotoView,Java,560,113,10583,36,2325
chubin/cheat.sh,Python,379,44,9203,11,895
cjdelisle/cjdns,C,12808,1714,324279,98,3092
cjdelisle/cjdns,C++,441,0,5176,5,1229
cjdelisle/cjdns,JavaScript,675,85,37598,43,2659
cjdelisle/cjdns,Lua,50,1,1214,7,807
cjdelisle/cjdns,PHP,39,6,1781,8,2118
cjdelisle/cjdns,Perl,27,4,493,8,859
cjdelisle/cjdns,Python,698,22,53329,27,2243
cloudwu/skynet,C,2104,346,89524,53,2675
cloudwu/skynet,Lua,1737,304,34903,61,2684
cmusatyalab/openface,JavaScript,46,0,13465,5,1464
cmusatyalab/openface,Lua,238,54,6018,3,379
cmusatyalab/openface,Python,403,79,6669,19,928
cockroachdb/cockroach,C,1021,182,5702,50,1956
cockroachdb/cockroach,C++,1409,285,18202,52,1930
cockroachdb/cockroach,Go,104529,23048,3212750,297,2128
cockroachdb/cockroach,Java,21,6,450,11,739
cockroachdb/cockroach,JavaScript,470,67,176925,35,1796
cockroachdb/cockroach,Python,58,15,1996,16,762
cockroachdb/cockroach,Ruby,49,5,406,17,823
cockroachdb/cockroach,TypeScript,4972,1285,186940,65,1664
cocos2d/cocos2d-x,C,69404,11398,4779097,510,3444
cocos2d/cocos2d-x,C#,134,18,8331,10,1484
cocos2d/cocos2d-x,C++,50623,13394,2765874,701,3444
cocos2d/cocos2d-x,Java,1881,607,61471,117,3288
cocos2d/cocos2d-x,JavaScript,3239,694,277005,85,3076
cocos2d/cocos2d-x,Lua,9710,424,272339,97,3100
cocos2d/cocos2d-x,Objective-C,3465,1104,117550,196,3370
cocos2d/cocos2d-x,Python,1159,233,53475,78,3076
codecombat/codecombat,CoffeeScript,35220,5955,702275,774,2167
codecombat/codecombat,JavaScript,2111,220,490093,40,2148
codecombat/codecombat,Python,134,34,2512,17,1666
commaai/openpilot,C,1942,120,339846,11,1060
commaai/openpilot,C++,406,15,44899,11,1086
commaai/openpilot,Python,2913,260,134690,65,1078
composer/composer,PHP,11055,4117,141552,732,3163
containous/traefik,C,10,1,171,5,909
containous/traefik,Go,34376,4100,3801405,267,1552
containous/traefik,JavaScript,270,4,7100,18,1537
containous/traefik,TypeScript,99,12,1527,8,443
ctripcorp/apollo,Java,5413,560,100241,64,1366
ctripcorp/apollo,JavaScript,724,134,44489,17,1349
curl/curl,C,31087,10234,469564,596,7273
curl/curl,C++,34,6,1214,12,6540
curl/curl,PHP,17,0,111,2,223
curl/curl,Perl,1701,377,34929,74,7273
curl/curl,Python,47,3,20697,12,2431
d3/d3,JavaScript,11002,3474,248648,98,3339
danielgindi/Charts,C,697,44,19215,10,1106
danielgindi/Charts,Objective-C,961,124,12776,26,1450
danielgindi/Charts,Swift,4878,990,84349,134,1696
deepfakes/faceswap,Python,2358,1013,84517,67,723
denoland/deno,C,168,29,1125,12,545
denoland/deno,C++,416,81,6634,17,545
denoland/deno,Go,165,9,1988,10,39
denoland/deno,JavaScript,386,58,65302,29,572
denoland/deno,Python,724,99,8701,37,543
denoland/deno,TypeScript,5223,691,109434,119,575
diaspora/diaspora,JavaScript,6563,1075,158509,177,3412
diaspora/diaspora,Ruby,25879,3910,211196,333,3415
dibyendumajumdar/ravi,Assembly,7,0,3326,1,30
dibyendumajumdar/ravi,C,2748,381,149014,7,1793
dibyendumajumdar/ravi,C++,807,140,25852,6,1788
dibyendumajumdar/ravi,Lua,398,68,24562,5,1792
dingo/api,PHP,2507,680,43206,107,2027
discourse/discourse,CoffeeScript,446,155,1109,13,14
discourse/discourse,JavaScript,35214,10669,1289705,229,2494
discourse/discourse,Ruby,44944,16898,503314,494,2979
django/django,JavaScript,737,416,62967,79,5248
django/django,Python,63590,37226,818107,1609,5264
dmlc/xgboost,C,1837,365,49625,72,2133
dmlc/xgboost,C#,9,0,179,1,6
dmlc/xgboost,C++,2419,547,63297,98,2133
dmlc/xgboost,Java,401,81,10891,28,1698
dmlc/xgboost,Python,1197,312,26443,179,2115
dmlc/xgboost,Scala,771,266,16891,51,1410
dmotz/oriDomi,CoffeeScript,448,62,5304,4,912
dmotz/oriDomi,JavaScript,106,5,4077,2,1277
docker/compose,Python,5846,1219,74603,268,2176
docpad/docpad,CoffeeScript,1844,562,57645,38,2699
docpad/docpad,JavaScript,185,40,8996,2,2724
doczjs/docz,JavaScript,1036,261,11333,32,634
doczjs/docz,TypeScript,3216,911,32943,73,634
domnikl/DesignPatternsPHP,PHP,2226,319,16041,109,2944
domnikl/DesignPatternsPHP,Python,11,4,299,2,1598
donnemartin/interactive-coding-challenges,Python,1822,358,66103,40,1226
dotnet-architecture/eShopOnContainers,C#,7814,1128,177204,99,1169
dotnet-architecture/eShopOnContainers,JavaScript,437,19,176876,16,978
dotnet-architecture/eShopOnContainers,TypeScript,440,108,4315,22,1110
dotnet/BenchmarkDotNet,C#,9328,2920,114477,97,2300
dotnet/BenchmarkDotNet,JavaScript,23,0,621,3,923
dotnet/machinelearning,C,24,4,1262,8,530
dotnet/machinelearning,C#,23493,3235,441780,117,585
dotnet/machinelearning,C++,56,18,6296,14,579
dotnet/orleans,C#,25167,3339,501115,225,1782
dotnet/roslyn,C,103,21,847,9,477
dotnet/roslyn,C#,163351,27863,5176783,501,2093
dotnet/roslyn,C++,133,31,15519,11,888
drone/drone,C,35,8,728434,3,1781
drone/drone,Go,14724,1036,965297,248,2132
drone/drone,JavaScript,382,32,13591,14,859
dropbox/zxcvbn,CoffeeScript,228,39,6222,16,1804
dropbox/zxcvbn,JavaScript,104,7,152105,8,1806
dropbox/zxcvbn,Python,37,1,789,2,1350
duckduckgo/duckduckgo,JavaScript,10,0,1742,3,200
duckduckgo/duckduckgo,Perl,792,99,11583,32,2231
duckduckgo/zeroclickinfo-goodies,JavaScript,368,88,19640,50,1433
duckduckgo/zeroclickinfo-goodies,Perl,5703,761,96667,458,2854
dzenbot/DZNEmptyDataSet,C,628,31,4433,20,1062
dzenbot/DZNEmptyDataSet,Objective-C,607,82,16912,39,1331
eczarny/spectacle,C,625,45,3249,8,3397
eczarny/spectacle,JavaScript,79,8,667,3,344
eczarny/spectacle,Objective-C,1034,109,21738,15,3399
elastic/elasticsearch,Java,284957,47194,5506919,724,3593
elastic/elasticsearch,JavaScript,62,0,913,5,612
elastic/elasticsearch,Perl,88,13,13864,11,1828
elastic/elasticsearch,Python,328,52,19080,33,2120
elastic/elasticsearch,Ruby,29,5,874,8,1040
elastic/kibana,Assembly,8,0,72,3,83
elastic/kibana,C#,8,0,16,3,83
elastic/kibana,C++,34,0,1041,4,433
elastic/kibana,CoffeeScript,177,3,4146,5,642
elastic/kibana,Go,8,0,136,3,83
elastic/kibana,Java,357,38,5553,9,2024
elastic/kibana,JavaScript,193296,29916,11214227,400,2227
elastic/kibana,Lua,10,0,154,4,433
elastic/kibana,Objective-C,8,0,416,3,83
elastic/kibana,PHP,26,12,5247,4,200
elastic/kibana,Perl,15,2,2070,6,1533
elastic/kibana,Python,29,0,1595,7,2009
elastic/kibana,Ruby,124,9,1742,6,314
elastic/kibana,Scala,8,0,276,3,83
elastic/kibana,TypeScript,56905,15138,1374113,234,2016
elastic/logstash,Java,2959,2131,72138,36,3028
elastic/logstash,JavaScript,209,33,27474,7,2853
elastic/logstash,Ruby,11220,4335,183159,340,3777
electron/electron,C,10456,1860,77881,194,2463
electron/electron,C++,15028,3226,194810,259,2463
electron/electron,CoffeeScript,1862,336,14676,46,2369
electron/electron,JavaScript,6672,1195,108443,235,2432
electron/electron,Objective-C,2298,475,27330,137,2463
electron/electron,Python,1401,356,16686,67,2432
electron/electron,TypeScript,644,143,32559,32,1128
emscripten-core/emscripten,C,9323,900,1173921,213,3389
emscripten-core/emscripten,C++,3453,375,441050,114,3393
emscripten-core/emscripten,CoffeeScript,25,8,629,3,427
emscripten-core/emscripten,JavaScript,13308,3431,788094,398,3394
emscripten-core/emscripten,Lua,10,0,587,2,2140
emscripten-core/emscripten,Python,12182,2547,198190,314,3394
envoyproxy/envoy,C,13730,2493,168316,303,1217
envoyproxy/envoy,C++,22783,4056,512812,344,1217
envoyproxy/envoy,Go,12,5,355,10,1157
envoyproxy/envoy,Python,537,102,17718,81,1217
erusev/parsedown,PHP,500,108,9121,31,2068
esp8266/Arduino,C,3527,961,205385,214,1849
esp8266/Arduino,C++,1973,635,155943,215,1845
esp8266/Arduino,Python,244,68,5774,49,1617
etcd-io/etcd,C,12,1,91,8,1871
etcd-io/etcd,Go,31927,4801,1816137,367,2378
etcd-io/etcd,JavaScript,140,21,26391,7,309
etcd-io/etcd,Python,12,0,441,10,2018
ethereum/go-ethereum,C,745,32,195483,11,1771
ethereum/go-ethereum,C++,172,6,94923,6,1754
ethereum/go-ethereum,Go,32566,6015,2305161,461,2174
ethereum/go-ethereum,JavaScript,1108,188,56008,34,2033
ethereum/go-ethereum,Perl,51,8,1277,5,1375
ethereum/go-ethereum,Python,49,7,3551,11,1618
eugenp/tutorials,Java,47288,4162,822712,887,2416
eugenp/tutorials,JavaScript,2818,26,624793,51,1863
eugenp/tutorials,Python,12,0,581,6,1831
eugenp/tutorials,Scala,102,0,1788,11,1281
eugenp/tutorials,TypeScript,1124,1,26254,12,920
expo/expo,C,142076,5257,1187258,58,1201
expo/expo,C++,29139,214,5193047,24,1166
expo/expo,Java,28220,3449,1176423,103,1211
expo/expo,JavaScript,31261,1803,2254346,105,1273
expo/expo,Objective-C,34049,2208,2608641,89,1206
expo/expo,Python,30,1,1172,5,1232
expo/expo,Ruby,200,32,2406,8,1082
expo/expo,TypeScript,3615,897,49041,66,446
expressjs/express,JavaScript,5979,894,76378,201,3620
facebook/SocketRocket,C,137,13,1492,26,2281
facebook/SocketRocket,Objective-C,295,68,6282,49,2040
facebook/SocketRocket,Python,19,0,2476,3,1592
facebook/create-react-app,JavaScript,2931,723,121073,423,1243
facebook/create-react-app,TypeScript,61,10,512,19,411
facebook/folly,C,14595,2731,363115,623,2778
facebook/folly,C++,12880,2613,356476,562,2777
facebook/folly,Python,454,86,12962,49,2746
facebook/folly,Ruby,13,1,172,6,2016
facebook/fresco,C,993,415,272264,18,1646
facebook/fresco,C++,160,28,2218,25,1695
facebook/fresco,Java,8835,1094,144077,264,1719
facebook/fresco,JavaScript,88,29,24311,10,1678
facebook/fresco,Python,18,2,363,7,1626
facebook/hhvm,C,54639,9648,1192806,591,3597
facebook/hhvm,C++,84423,18309,6566642,776,3597
facebook/hhvm,JavaScript,181,13,27768,40,2210
facebook/hhvm,PHP,144911,8398,1422681,626,3596
facebook/hhvm,Perl,13,0,266,7,2173
facebook/hhvm,Python,1645,304,37177,159,3582
facebook/react,C++,20,4,906,4,1084
facebook/react,CoffeeScript,43,7,793,23,1661
facebook/react,JavaScript,33435,7293,920696,870,2387
facebook/react,Python,11,5,367,5,1394
facebook/react,Ruby,18,7,94,11,1478
facebook/react,TypeScript,81,15,1303,23,1340
facebook/react-native,C,9956,1218,126421,367,1771
facebook/react-native,C++,4182,430,83736,153,1547
facebook/react-native,Java,12360,1981,217881,561,1548
facebook/react-native,JavaScript,30660,4404,1107873,1634,1771
facebook/react-native,Objective-C,9624,2391,166238,669,1775
facebook/react-native,Python,9,0,621,5,1300
facebook/react-native,Ruby,15,4,80,9,176
facebook/rocksdb,C,10810,2014,222008,434,3189
facebook/rocksdb,C++,20712,5127,575133,555,3189
facebook/rocksdb,Java,2201,328,82401,85,2609
facebook/rocksdb,PHP,99,20,2413,22,2506
facebook/rocksdb,Python,276,60,15981,58,2524
facebook/yoga,C,1580,240,115953,94,2055
facebook/yoga,C#,871,129,47148,34,1483
facebook/yoga,C++,1629,260,70134,59,1226
facebook/yoga,Java,1514,259,60856,63,1902
facebook/yoga,JavaScript,1466,277,57026,59,2024
facebook/yoga,Objective-C,141,42,3978,25,1098
facebook/yoga,Python,37,9,453,12,876
facebook/yoga,Ruby,11,1,71,6,1087
facebook/yoga,Swift,35,9,626,8,1034
facebook/zstd,C,9532,2411,277199,117,1775
facebook/zstd,C++,101,33,4294,9,1160
facebook/zstd,Python,104,18,2777,8,1257
faif/python-patterns,Python,1017,187,10122,104,2717
faker-ruby/faker,Ruby,4143,1006,38769,465,4398
fastlane/fastlane,C,119,38,573,7,1323
fastlane/fastlane,Java,96,9,1962,18,1426
fastlane/fastlane,JavaScript,41,8,380,5,483
fastlane/fastlane,Objective-C,224,63,2016,8,1323
fastlane/fastlane,Ruby,20471,4553,220032,1046,1905
fastlane/fastlane,Swift,1243,86,16284,60,1607
fatedier/frp,Go,5164,247,702291,34,1398
fatedier/frp,JavaScript,88,8,1167,2,915
felixse/FluentTerminal,C#,1856,494,37980,30,682
felixse/FluentTerminal,JavaScript,68,8,15469,7,493
felixse/FluentTerminal,TypeScript,162,1,15052,4,644
filp/whoops,JavaScript,34,12,358,10,1606
filp/whoops,PHP,924,249,11305,109,2456
flatpickr/flatpickr,JavaScript,2668,695,51704,100,1658
flatpickr/flatpickr,TypeScript,974,442,15934,95,799
fluent/fluentd,Ruby,6674,1547,141423,196,3095
formatjs/react-intl,JavaScript,1915,219,32509,52,2021
formatjs/react-intl,TypeScript,350,190,5381,11,175
freeCodeCamp/devdocs,CoffeeScript,1745,224,10987,38,2179
freeCodeCamp/devdocs,JavaScript,69,4,24398,8,2129
freeCodeCamp/devdocs,Ruby,4197,236,46338,89,2192
freeCodeCamp/freeCodeCamp,JavaScript,12320,3631,701391,293,2218
fxsjy/jieba,Python,631,117,990344,38,2464
fzaninotto/Faker,PHP,3482,1078,210165,492,2966
gatling/gatling,Java,1382,158,51518,23,3084
gatling/gatling,JavaScript,63,8,1787,15,2783
gatling/gatling,Python,15,0,289,4,1830
gatling/gatling,Scala,32842,2786,249856,119,3100
gatsbyjs/gatsby,CoffeeScript,232,32,3006,6,252
gatsbyjs/gatsby,JavaScript,18095,6885,365550,1132,1643
gatsbyjs/gatsby,TypeScript,160,57,4727,69,951
gentilkiwi/mimikatz,C,2032,455,410052,3,2058
getgrav/grav,JavaScript,40,0,3148,4,1315
getgrav/grav,PHP,8695,1718,179998,130,1955
getsentry/sentry,CoffeeScript,91,18,1230,2,42
getsentry/sentry,JavaScript,26460,5846,536482,131,3388
getsentry/sentry,Lua,32,9,3870,6,1379
getsentry/sentry,Python,46373,8464,1650427,371,4230
getsentry/sentry,TypeScript,1345,439,42146,26,170
ggreer/the_silver_searcher,C,1681,397,13868,171,2662
gin-gonic/gin,Go,1790,427,27413,198,1988
gin-gonic/gin,JavaScript,14,5,304,3,1388
git/git,C,41946,9490,598373,1087,5354
git/git,JavaScript,29,10,1964,8,4397
git/git,Perl,447,121,16441,109,5293
git/git,Python,402,114,16058,78,5168
gitbucket/gitbucket,Java,125,7,634,14,2328
gitbucket/gitbucket,JavaScript,963,32,525789,19,2372
gitbucket/gitbucket,Scala,5559,1115,83227,114,2434
github/hub,Go,4403,542,367555,114,2436
github/hub,Ruby,970,250,10385,62,3646
github/hubot-scripts,CoffeeScript,2736,571,46317,796,1699
github/hubot-scripts,JavaScript,10,1,289,5,439
github/linguist,C,200,8,53271,21,3050
github/linguist,C++,41,0,11230,7,2247
github/linguist,CoffeeScript,35,1,1469,4,1275
github/linguist,Go,45,7,5633,11,1632
github/linguist,Java,25,0,4659,6,1604
github/linguist,JavaScript,95,8,31907,13,3072
github/linguist,Objective-C,175,42,49625,20,2834
github/linguist,PHP,26,0,7254,7,1634
github/linguist,Perl,94,15,9260,14,2571
github/linguist,Python,24,0,2125,7,1929
github/linguist,Ruby,2277,278,22843,234,3137
github/linguist,TypeScript,22,6,2359,8,2266
gitlabhq/gitlabhq,CoffeeScript,2784,666,30809,152,1783
gitlabhq/gitlabhq,JavaScript,25880,4455,992455,428,2983
gitlabhq/gitlabhq,Ruby,142312,23247,1633520,1545,2983
gnachman/iTerm2,C,9351,2448,162082,90,3429
gnachman/iTerm2,C++,15,4,410,4,3360
gnachman/iTerm2,JavaScript,39,0,26245,2,781
gnachman/iTerm2,Objective-C,19975,6703,658404,154,3429
gnachman/iTerm2,Perl,8,5,288,4,1153
gnachman/iTerm2,Python,3655,261,541904,16,3413
gnachman/iTerm2,Swift,59,16,2130,1,222
go-gitea/gitea,C,20,3,269458,7,1111
go-gitea/gitea,Go,23203,8387,2102815,472,2127
go-gitea/gitea,JavaScript,1250,221,235569,99,2123
go-kit/kit,Go,3004,354,94043,154,1732
godotengine/godot,C,38877,8694,2935766,636,2129
godotengine/godot,C#,587,113,21537,36,794
godotengine/godot,C++,41399,14764,1766031,1089,2130
godotengine/godot,Java,796,312,36944,42,2111
godotengine/godot,JavaScript,36,9,1133,9,2059
godotengine/godot,Objective-C,562,214,15075,93,2127
godotengine/godot,Perl,383,235,75457,6,2029
godotengine/godot,Python,1548,584,36564,179,2128
gogs/gogs,Go,12740,3108,884447,265,2126
gogs/gogs,JavaScript,670,99,112330,39,2095
gohugoio/hugo,Go,10501,3887,225276,310,2350
gohugoio/hugo,JavaScript,213,27,43998,7,2194
golang/go,C,18845,5910,574019,191,4245
golang/go,Go,106428,29827,4466296,1643,4291
golang/go,JavaScript,100,36,6132,22,3713
golang/go,Perl,124,19,3721,32,3111
golang/go,Python,274,99,12540,51,3475
gollum/gollum,JavaScript,3522,82,453788,36,2104
gollum/gollum,Ruby,1549,339,14587,120,3099
google/ExoPlayer,C,16,1,307,6,1270
google/ExoPlayer,C++,103,19,3775,16,1738
google/ExoPlayer,Java,24169,4416,546858,211,1995
google/brotli,C,1813,662,135136,28,2111
google/brotli,C++,435,143,29145,22,2093
google/brotli,Java,229,108,11210,2,906
google/brotli,JavaScript,17,15,2704,2,613
google/brotli,Lua,10,3,134,4,389
google/brotli,Python,139,27,4834,15,1730
google/flatbuffers,C,1053,419,28741,191,2141
google/flatbuffers,C#,479,156,9171,57,1882
google/flatbuffers,C++,1478,576,57098,227,2141
google/flatbuffers,Go,275,112,8110,48,1963
google/flatbuffers,Java,515,167,9788,57,2107
google/flatbuffers,JavaScript,127,49,7518,30,2106
google/flatbuffers,Lua,55,35,2968,10,497
google/flatbuffers,PHP,106,44,6636,23,1400
google/flatbuffers,Python,204,97,8042,37,1812
google/flatbuffers,TypeScript,77,41,6080,22,938
google/googletest,C,1850,369,62023,105,4166
google/googletest,C++,2504,496,67612,113,4166
google/googletest,Python,543,98,19155,38,4166
google/gson,Java,3706,722,72524,77,4074
google/guava,Java,35495,7435,1260448,340,3736
google/leveldb,C,748,216,9520,23,3173
google/leveldb,C++,1121,328,36216,40,3180
grafana/grafana,C,579,6,535226,4,1767
grafana/grafana,Go,27338,4546,3793650,416,1951
grafana/grafana,JavaScript,22976,2395,1701575,320,2509
grafana/grafana,Perl,93,0,7002,4,1293
grafana/grafana,Python,22,1,1434,6,1796
grafana/grafana,TypeScript,28358,4830,632193,349,1554
greenrobot/EventBus,Java,934,61,15920,14,2683
grpc/grpc,C,47812,8865,951878,302,1838
grpc/grpc,C#,4239,695,105032,63,1764
grpc/grpc,C++,21950,3218,453716,254,1840
grpc/grpc,Go,67,8,1887,9,1678
grpc/grpc,Java,55,3,2473,11,1775
grpc/grpc,JavaScript,2340,263,46199,28,1605
grpc/grpc,Objective-C,2315,435,49851,48,1743
grpc/grpc,PHP,773,150,31604,32,1807
grpc/grpc,Python,9698,1201,197338,183,1838
grpc/grpc,Ruby,1968,455,37827,83,1827
grpc/grpc,Swift,20,5,252,6,1192
gulpjs/gulp,CoffeeScript,41,1,232,1,2
gulpjs/gulp,JavaScript,402,61,4386,33,2131
guzzle/guzzle,JavaScript,36,5,5363,6,2589
guzzle/guzzle,PHP,10334,1749,145632,253,3206
guzzle/guzzle,Python,12,1,179,1,634
h2o/h2o,C,11884,1373,448984,90,1939
h2o/h2o,C++,105,18,21358,9,1790
h2o/h2o,JavaScript,167,32,11337,9,1691
h2o/h2o,PHP,8,0,24,3,813
h2o/h2o,Perl,196,22,5425,12,1935
h2o/h2o,Python,48,0,7021,2,1288
h2o/h2o,Ruby,1318,18,54192,11,1459
h5bp/html5-boilerplate,Java,20,4,0,7,538
h5bp/html5-boilerplate,JavaScript,277,56,53467,54,3559
h5bp/html5-boilerplate,PHP,77,3,4544,2,56
hackiftekhar/IQKeyboardManager,C,663,219,11476,24,2492
hackiftekhar/IQKeyboardManager,Objective-C,1098,442,37095,44,2492
hackiftekhar/IQKeyboardManager,Swift,929,272,22696,35,1915
hakimel/reveal.js,JavaScript,1549,316,28881,179,2844
hankcs/HanLP,Java,3761,100,113302,32,1888
haoel/leetcode,C++,1264,108,26143,30,1807
haoel/leetcode,Java,223,0,4989,5,862
haoel/leetcode,Python,75,0,1254,1,34
hashicorp/consul,C,23,6,834,10,1318
hashicorp/consul,Go,30901,4134,3659597,267,2195
hashicorp/consul,JavaScript,2496,151,152617,38,2131
hashicorp/consul,Perl,84,16,4560,6,1210
hashicorp/consul,Ruby,94,2,388,24,2131
hashicorp/terraform,C,25,6,453,9,1137
hashicorp/terraform,Go,71672,9809,8052516,1047,2028
hashicorp/terraform,JavaScript,233,24,10595,11,1061
hashicorp/terraform,Perl,167,45,8628,7,1190
hashicorp/terraform,Python,11,1,495,5,940
hashicorp/terraform,Ruby,86,9,3082,23,1911
hashicorp/vagrant,JavaScript,61,2,3995,6,2504
hashicorp/vagrant,Python,49,0,535,1,357
hashicorp/vagrant,Ruby,17576,2910,216647,780,3594
hashicorp/vault,C,20,0,818,6,1379
hashicorp/vault,Go,40522,4286,3292472,412,1745
hashicorp/vault,JavaScript,3256,414,285292,40,1715
hashicorp/vault,Perl,69,0,1685,3,1245
hashicorp/vault,Python,15,1,578,3,1451
hashicorp/vault,Ruby,79,2,359,15,1704
helm/helm,Go,9362,2285,144369,304,1499
helm/helm,Python,149,10,4268,12,176
home-assistant/home-assistant,JavaScript,611,21,76006,8,1238
home-assistant/home-assistant,Python,57788,18101,1245997,1908,2275
hsoft/collapseos,Assembly,1256,164,27277,3,242
hsoft/collapseos,C,144,21,2281,2,239
hsoft/collapseos,Perl,7,1,126,1,32
hsoft/collapseos,Python,34,2,605,1,237
huggingface/transformers,Python,4084,716,160459,199,406
huginn/huginn,CoffeeScript,98,26,1143,11,1488
huginn/huginn,JavaScript,26,2,4391,6,1500
huginn/huginn,Ruby,3835,783,59496,150,2464
ianyh/Amethyst,C,255,25,2696,8,1444
ianyh/Amethyst,Objective-C,545,141,6697,13,1096
ianyh/Amethyst,Swift,1086,174,19539,15,1461
ibireme/YYKit,C,531,36,29846,10,1464
ibireme/YYKit,Objective-C,555,159,53792,19,1427
ichord/At.js,CoffeeScript,466,173,6547,41,2136
ichord/At.js,JavaScript,618,199,26402,36,2253
icsharpcode/ILSpy,C#,29347,6492,1498077,98,4448
idevz/vanilla,Lua,1088,67,41237,7,821
iikira/BaiduPCS-Go,Go,2071,404,105322,13,731
iina/iina,C,362,2,34187,6,858
iina/iina,Objective-C,33,7,569,7,769
iina/iina,Ruby,20,3,403,10,1166
iina/iina,Swift,3658,734,46672,56,1180
iluwatar/java-design-patterns,Java,12075,3018,153885,187,1947
imathis/octopress,JavaScript,175,24,25704,13,1689
imathis/octopress,Ruby,311,56,4468,46,2219
inconshreveable/ngrok,Go,614,134,8608,17,1135
inconshreveable/ngrok,JavaScript,24,4,1496,2,291
infinitered/ignite,Java,29,4,140,8,372
infinitered/ignite,JavaScript,20107,429,717826,51,1384
infinitered/ignite,Objective-C,14,0,204,4,372
infinitered/ignite,TypeScript,65,15,1880,10,222
influxdata/influxdb,C,114,29,8651,6,410
influxdata/influxdb,Go,40725,9596,1459969,388,2431
influxdata/influxdb,JavaScript,12618,1664,186036,61,2206
influxdata/influxdb,Python,77,18,3463,21,1351
influxdata/influxdb,Ruby,33,1,584,5,1928
influxdata/influxdb,TypeScript,18069,2826,334324,64,659
insidegui/WWDC,C,305,4,7630,6,1125
insidegui/WWDC,Objective-C,150,11,4044,5,1264
insidegui/WWDC,Swift,3067,537,54318,49,1686
intel-analytics/BigDL,C,11,1,954,5,188
intel-analytics/BigDL,Java,253,7,218922,15,915
intel-analytics/BigDL,Python,1055,337,36531,46,1027
intel-analytics/BigDL,Scala,12624,4077,368635,73,1182
ionic-team/ionic,JavaScript,5887,698,411874,48,1687
ionic-team/ionic,TypeScript,30143,7884,452858,328,1621
irungentoo/toxcore,C,6496,1861,167180,157,1927
irungentoo/toxcore,Python,13,3,581,6,942
istio/istio,Go,50478,11109,4433260,382,1110
istio/istio,Java,44,4,481,13,907
istio/istio,JavaScript,60,1,6820,24,855
istio/istio,Python,586,132,42318,70,1037
istio/istio,Ruby,12,0,228,8,967
jakubroztocil/httpie,Python,1528,208,22067,64,2839
jakubroztocil/httpie,Ruby,8,0,128,2,994
jaredpalmer/formik,JavaScript,202,78,4860,40,881
jaredpalmer/formik,TypeScript,822,382,27090,115,909
jashkenas/coffeescript,C#,112,7,1284,1,14
jashkenas/coffeescript,CoffeeScript,6040,1829,76820,202,3623
jashkenas/coffeescript,JavaScript,7099,1640,157975,168,3630
jashkenas/coffeescript,Ruby,544,64,33710,2,65
javan/whenever,Ruby,525,78,7531,79,3768
jdg/MBProgressHUD,C,152,27,1621,38,3695
jdg/MBProgressHUD,Objective-C,363,90,7168,74,3695
jekyll/jekyll,JavaScript,27,0,2418,8,2470
jekyll/jekyll,Ruby,5667,819,50718,420,4068
jellyfin/jellyfin,C#,54147,6166,992682,138,2706
jellyfin/jellyfin,JavaScript,346,32,28823,6,637
jenkinsci/jenkins,Java,32685,8617,538031,606,4783
jenkinsci/jenkins,JavaScript,1193,348,144769,87,4760
jenkinsci/jenkins,Perl,14,7,549,12,3378
jenkinsci/jenkins,Python,13,1,110,4,2495
jenkinsci/jenkins,Ruby,31,3,918,4,3551
jesseduffield/lazygit,Go,4949,327,583256,38,574
jessesquires/JSQMessagesViewController,C,1246,127,10868,38,1484
jessesquires/JSQMessagesViewController,Objective-C,2019,369,28533,77,1394
jessesquires/JSQMessagesViewController,Swift,52,6,1572,6,159
jinzhu/gorm,Go,2903,592,41832,204,2233
jnordberg/wintersmith,CoffeeScript,376,73,4705,31,2695
jonas/tig,C,3468,876,88826,111,4975
jordansissel/fpm,Python,43,11,785,16,2498
jordansissel/fpm,Ruby,1584,405,20377,238,3238
jquery/jquery,Java,16,2,0,4,1618
jquery/jquery,JavaScript,10158,4999,382770,336,5010
jquery/jquery,PHP,190,45,1531,33,4590
js2coffee/js2coffee,CoffeeScript,504,66,7945,5,645
js2coffee/js2coffee,JavaScript,116,3,389,3,584
juliangarnier/anime,JavaScript,683,156,24711,22,1122
junegunn/fzf,Go,1278,258,21307,20,1802
junegunn/fzf,Ruby,221,60,4474,3,2213
kaminari/kaminari,Ruby,1460,214,13365,106,3050
kanaka/mal,Assembly,256,76,27977,3,657
kanaka/mal,C,201,75,3527,8,1930
kanaka/mal,C#,141,54,7141,7,1925
kanaka/mal,C++,127,12,4011,4,1572
kanaka/mal,CoffeeScript,93,45,1525,4,1725
kanaka/mal,Go,170,37,7024,7,1744
kanaka/mal,Java,110,41,1649,5,1947
kanaka/mal,JavaScript,349,132,6631,7,1946
kanaka/mal,Lua,81,44,2319,6,1648
kanaka/mal,Objective-C,224,74,5790,5,1634
kanaka/mal,PHP,142,68,1636,7,1934
kanaka/mal,Perl,580,116,6718,9,1932
kanaka/mal,Python,325,96,8928,10,2029
kanaka/mal,Ruby,159,64,1835,6,1921
kanaka/mal,Scala,72,28,2528,5,1669
kanaka/mal,Swift,359,44,22448,7,1696
kanaka/mal,TypeScript,154,25,4032,5,873
kataras/iris,C,36,2,1000,3,918
kataras/iris,C#,25,0,765,2,672
kataras/iris,Go,15667,1585,1701389,51,1269
kataras/iris,JavaScript,124,16,85477,6,880
kataras/iris,Perl,79,10,4278,3,918
kataras/iris,TypeScript,25,1,1113,3,1049
kdn251/interviews,Java,1662,315,32073,15,475
kennyledet/Algorithm-Implementations,C,96,5,3180,29,1189
kennyledet/Algorithm-Implementations,C#,64,4,2910,10,1473
kennyledet/Algorithm-Implementations,C++,68,2,2359,25,1770
kennyledet/Algorithm-Implementations,Go,114,8,4136,7,1188
kennyledet/Algorithm-Implementations,Java,215,8,6610,35,1189
kennyledet/Algorithm-Implementations,JavaScript,90,3,1618,18,1768
kennyledet/Algorithm-Implementations,Lua,457,31,13987,8,1817
kennyledet/Algorithm-Implementations,Objective-C,31,0,1163,4,582
kennyledet/Algorithm-Implementations,PHP,58,5,1401,6,713
kennyledet/Algorithm-Implementations,Perl,16,3,468,4,1167
kennyledet/Algorithm-Implementations,Python,176,28,3152,39,1397
kennyledet/Algorithm-Implementations,Ruby,75,1,1397,11,1327
kennyledet/Algorithm-Implementations,Scala,79,1,1520,5,653
keras-team/keras,Python,8204,2978,187581,826,1684
kevinzhow/PNChart,C,699,262,5894,41,1581
kevinzhow/PNChart,Objective-C,1064,412,34025,78,1581
kickstarter/ios-oss,C,612,0,25405,5,1204
kickstarter/ios-oss,Swift,13260,4086,336870,32,1411
koreader/koreader,C,416,86,16480,11,494
koreader/koreader,C++,48,7,876,4,360
koreader/koreader,Lua,9828,2985,187621,123,2946
krzyzanowskim/CryptoSwift,C,471,2,36766,4,1925
krzyzanowskim/CryptoSwift,Swift,3026,263,40768,64,1970
kubernetes/kubernetes,C,52,7,245391,22,1701
kubernetes/kubernetes,Go,227812,24013,13923461,2415,2012
kubernetes/kubernetes,Java,70,16,884,15,1148
kubernetes/kubernetes,JavaScript,1127,11,209313,35,1678
kubernetes/kubernetes,PHP,16,4,124,9,1373
kubernetes/kubernetes,Perl,138,9,3937,13,1414
kubernetes/kubernetes,Python,735,205,31487,94,1985
kubernetes/minikube,C,72,0,8500,8,1173
kubernetes/minikube,Go,51404,1388,6616767,259,1332
kubernetes/minikube,Perl,108,0,6034,6,881
kubernetes/minikube,Python,38,5,1003,14,1263
labstack/echo,Go,5115,795,359417,138,1715
labstack/echo,JavaScript,50,2,154,3,792
lagom/lagom,Java,2793,218,44363,41,1357
lagom/lagom,Scala,6430,1140,79175,71,1370
lampepfl/dotty,Java,2045,508,13382,63,2095
lampepfl/dotty,JavaScript,39,9,339,4,1251
lampepfl/dotty,Scala,63100,13168,807079,194,2561
lampepfl/dotty,TypeScript,121,27,3670,7,892
laravel/framework,JavaScript,36,9,326,11,882
laravel/framework,PHP,36236,10421,509239,2628,2525
laravel/laravel,JavaScript,148,20,6284,36,2798
laravel/laravel,PHP,8816,1313,157521,457,3105
laurilehmijoki/s3_website,Ruby,456,48,3709,22,2384
laurilehmijoki/s3_website,Scala,560,82,8302,9,1195
leafo/moonscript,Lua,1185,161,24301,15,2541
libgdx/libgdx,C,7863,327,1463325,33,3531
libgdx/libgdx,C#,50,16,1002,4,489
libgdx/libgdx,C++,2294,310,866355,32,3456
libgdx/libgdx,Java,46938,10989,1373416,618,3557
libgdx/libgdx,JavaScript,35,4,4612,6,2060
libgdx/libgdx,Lua,116,3,2475,6,1874
libgdx/libgdx,Objective-C,32,2,2640,6,1583
libgdx/libgdx,Python,113,6,34154,6,2980
libuv/libuv,C,10206,2980,253377,355,3182
libuv/libuv,Python,24,8,576,8,2729
lihaoyi/Ammonite,Java,8,1,239,3,1166
lihaoyi/Ammonite,Python,15,4,155,2,306
lihaoyi/Ammonite,Scala,5620,927,72538,83,1746
linkerd/linkerd,JavaScript,461,169,20705,15,1384
linkerd/linkerd,Scala,4944,1180,103545,85,1422
linnovate/mean,JavaScript,2463,347,98080,142,1952
linnovate/mean,TypeScript,664,66,7479,11,901
localstack/localstack,Java,285,54,10646,35,1209
localstack/localstack,JavaScript,14,10,34,3,880
localstack/localstack,Python,2001,711,30207,167,1211
luakit/luakit,C,2871,560,39437,41,3390
luakit/luakit,JavaScript,13,2,435,4,2615
luakit/luakit,Lua,4167,726,63798,74,3455
luarocks/luarocks,C,23,3,1650,8,3305
luarocks/luarocks,Lua,3479,719,51754,71,3887
luvit/luvit,C,1418,140,121019,24,1139
luvit/luvit,Lua,3469,565,73304,72,2953
luvit/luvit,Python,431,8,31647,6,1035
mac-cain13/R.swift,Swift,1655,180,18506,32,1811
magicalpanda/MagicalRecord,C,2448,160,57532,46,3250
magicalpanda/MagicalRecord,Objective-C,1684,308,27873,71,3250
magicalpanda/MagicalRecord,Ruby,10,0,448,3,1310
major/MySQLTuner-perl,Perl,530,171,17486,99,4521
mame/quine-relay,Ruby,580,64,11409,10,2300
marcuswestin/WebViewJavascriptBridge,C,143,20,885,17,2264
marcuswestin/WebViewJavascriptBridge,Objective-C,297,64,4374,39,2264
marmelab/react-admin,JavaScript,12023,1926,288006,184,1253
marmelab/react-admin,TypeScript,2468,438,40538,48,398
mas-cli/mas,C,602,14,13234,5,1335
mas-cli/mas,Ruby,52,0,295,5,436
mas-cli/mas,Swift,1263,78,55221,15,1335
matomo-org/matomo,Java,60,10,2851,13,3907
matomo-org/matomo,JavaScript,10078,2274,831676,107,4522
matomo-org/matomo,PHP,65433,18621,1845401,227,4522
matomo-org/matomo,Python,228,75,4169,28,1098
matryer/bitbar,C,80,4,374,11,2077
matryer/bitbar,Objective-C,276,45,4542,25,2077
matryer/bitbar,Python,30,0,680,9,1
mattermost/mattermost-server,C,42,8,273610,7,1461
mattermost/mattermost-server,Go,41533,8293,3621611,414,1640
mattermost/mattermost-server,JavaScript,15104,4725,358965,153,1522
mattermost/mattermost-server,Perl,72,3,3771,3,1082
memcached/memcached,C,2030,677,43833,150,6012
memcached/memcached,Perl,51,8,814,11,5677
mesos/chronos,JavaScript,758,48,116191,17,1443
mesos/chronos,Ruby,33,11,849,9,1003
mesos/chronos,Scala,1306,282,22022,75,2002
mesosphere/marathon,Java,169,34,125934,49,2242
mesosphere/marathon,JavaScript,1288,141,286457,27,1657
mesosphere/marathon,Python,853,96,32902,32,1749
mesosphere/marathon,Scala,19850,5660,329112,155,2339
meteor/meteor,C,208,0,8914,3,1004
meteor/meteor,C#,33,2,1138,4,1086
meteor/meteor,C++,58,7,10785,6,1004
meteor/meteor,CoffeeScript,119,4,2561,17,2443
meteor/meteor,JavaScript,55761,6292,1033887,431,2940
meteor/meteor,Python,13,1,729,5,404
meteor/meteor,Ruby,16,3,112,5,1072
meteor/meteor,TypeScript,70,12,2024,7,220
mewmew/dissection,Assembly,216,7,10801,2,1608
michaelficarra/CoffeeScriptRedux,CoffeeScript,753,231,14509,25,1770
michaelficarra/CoffeeScriptRedux,JavaScript,973,265,104486,20,1769
micropython/micropython,C,24916,2872,1496632,236,2256
micropython/micropython,Python,3971,424,70279,110,2168
microsoft/CNTK,C,13653,3199,548612,160,1783
microsoft/CNTK,C#,470,59,15792,26,1276
microsoft/CNTK,C++,11924,3095,556266,162,1788
microsoft/CNTK,Java,10,3,340,6,406
microsoft/CNTK,Objective-C,30,6,743,7,716
microsoft/CNTK,Python,11021,2048,300376,140,1608
microsoft/TypeScript,JavaScript,61182,4651,6766245,257,1979
microsoft/TypeScript,TypeScript,75009,12091,2908038,514,1980
microsoft/VFSForGit,C,259,49,4436,9,902
microsoft/VFSForGit,C#,5882,778,131035,29,966
microsoft/VFSForGit,C++,678,174,17686,11,939
microsoft/VFSForGit,Objective-C,147,31,7355,5,232
microsoft/calculator,C,750,324,18904,27,315
microsoft/calculator,C#,115,1,4193,8,262
microsoft/calculator,C++,1147,437,66964,39,315
microsoft/react-native-windows,C,1956,706,62692,51,1201
microsoft/react-native-windows,C#,6224,3388,117330,71,1452
microsoft/react-native-windows,C++,2271,845,142525,58,1204
microsoft/react-native-windows,JavaScript,1963,974,68672,64,1448
microsoft/react-native-windows,TypeScript,472,205,16790,26,285
microsoft/terminal,C,770,144,22939,53,456
microsoft/terminal,C#,238,46,12162,27,843
microsoft/terminal,C++,2610,703,208944,88,455
microsoft/vscode,C++,11,4,90,2,1329
microsoft/vscode,JavaScript,3747,934,346089,126,1489
microsoft/vscode,TypeScript,143001,36328,2231449,1033,1489
milessabin/shapeless,Scala,3091,384,76973,129,3005
minio/minio,Assembly,419,1,30282,3,514
minio/minio,C,490,19,28225,6,1614
minio/minio,Go,26980,6348,1443938,152,1867
minio/minio,JavaScript,914,217,19241,16,1612
moby/moby,C,111,12,163486,26,1878
moby/moby,Go,68954,12564,2499663,1279,2509
moby/moby,JavaScript,56,3,3986,7,693
moby/moby,Python,90,18,2195,25,1315
mockery/mockery,PHP,2175,518,32334,141,3928
mojolicious/mojo,JavaScript,144,0,445,1,2949
mojolicious/mojo,Perl,21560,3565,208334,139,4061
moment/moment,JavaScript,11200,1686,655018,524,3020
moment/moment,TypeScript,53,17,1829,27,1095
mongodb/mongo,Assembly,11,0,736,8,2789
mongodb/mongo,C,78306,6104,4806790,453,4427
mongodb/mongo,C++,177410,13110,10710639,594,4427
mongodb/mongo,Go,5925,44,1154790,5,1110
mongodb/mongo,Java,301,63,13150,12,3931
mongodb/mongo,JavaScript,41838,4676,1093864,424,4398
mongodb/mongo,PHP,63,7,1139,4,561
mongodb/mongo,Perl,59,0,5503,13,4213
mongodb/mongo,Python,8104,1030,329100,199,3778
mongodb/mongo,Ruby,17,2,418,5,1067
mono/mono,C,69266,18847,1797833,453,6749
mono/mono,C#,290639,54628,13692823,1070,6754
mono/mono,C++,214,74,4529,27,5495
mono/mono,Java,10,4,263,3,4465
mono/mono,JavaScript,5833,118,628265,37,6493
mono/mono,Objective-C,29,6,858,8,759
mono/mono,Perl,269,33,6574,47,6702
mono/mono,Python,380,116,9419,47,3966
mono/mono,Ruby,41,6,2024,7,4221
morrisjs/morris.js,CoffeeScript,370,74,7157,36,1111
morrisjs/morris.js,JavaScript,392,89,22733,32,975
mozilla-mobile/firefox-ios,C,3143,1943,1253937,25,1681
mozilla-mobile/firefox-ios,JavaScript,314,274,9004,26,1813
mozilla-mobile/firefox-ios,Objective-C,483,63,35447,14,1667
mozilla-mobile/firefox-ios,Python,108,66,5867,12,1648
mozilla-mobile/firefox-ios,Ruby,11,1,405,4,1670
mozilla-mobile/firefox-ios,Swift,16568,12228,307804,175,1862
mozilla/DeepSpeech,C,678,30,141079,10,1016
mozilla/DeepSpeech,C#,119,14,2286,6,360
mozilla/DeepSpeech,C++,913,49,177460,10,994
mozilla/DeepSpeech,Java,32,9,817,2,391
mozilla/DeepSpeech,JavaScript,79,25,833,10,1146
mozilla/DeepSpeech,Python,1074,371,43748,66,1286
mperham/sidekiq,JavaScript,210,26,15321,29,2731
mperham/sidekiq,Ruby,3604,849,35897,304,2866
mpv-player/mpv,C,74001,17102,1530818,398,6863
mpv-player/mpv,C++,227,56,8034,24,5699
mpv-player/mpv,JavaScript,14,1,664,3,1812
mpv-player/mpv,Lua,537,143,11782,58,2266
mpv-player/mpv,Objective-C,795,328,18767,44,5139
mpv-player/mpv,Perl,97,17,3520,23,6127
mpv-player/mpv,Python,737,147,6482,84,6693
mpv-player/mpv,Swift,121,54,3833,2,594
mrdoob/three.js,C,55,6,6785,6,2499
mrdoob/three.js,Java,18,1,0,5,2561
mrdoob/three.js,JavaScript,45179,7136,5856848,1064,3518
mrdoob/three.js,Python,1190,272,63302,125,2973
mrdoob/three.js,TypeScript,2608,642,50150,125,1061
mui-org/material-ui,JavaScript,80610,26160,696584,1274,1940
mui-org/material-ui,TypeScript,5455,1131,85391,444,862
munin-monitoring/munin,Java,396,58,5773,7,3291
munin-monitoring/munin,JavaScript,318,82,24644,12,3192
munin-monitoring/munin,Perl,2465,643,37586,77,5801
munin-monitoring/munin,Python,42,4,790,7,3785
mxcl/PromiseKit,C,388,107,4652,25,1954
mxcl/PromiseKit,Objective-C,496,170,10444,35,1910
mxcl/PromiseKit,Ruby,20,4,189,2,340
mxcl/PromiseKit,Swift,1429,422,26435,67,1967
nagadomi/waifu2x,JavaScript,16,2,478,2,322
nagadomi/waifu2x,Lua,740,133,13057,5,1655
nestjs/nest,JavaScript,3069,92,57007,16,954
nestjs/nest,TypeScript,12599,1190,139849,133,1054
netdata/netdata,C,7094,2715,255383,74,2365
netdata/netdata,JavaScript,1132,369,86019,67,2361
netdata/netdata,Python,1983,767,64235,101,1277
netty/netty,C,284,83,9374,28,2118
netty/netty,Java,43138,11005,915776,553,4142
nextcloud/server,JavaScript,69353,3324,1259234,328,3548
nextcloud/server,PHP,114251,16879,2318594,756,3562
nextcloud/server,Perl,35,6,353,11,2258
nginx/nginx,C,16759,4569,353644,64,6320
nginx/nginx,Perl,255,9,553,7,4241
nicklockwood/iCarousel,C,548,28,13273,6,2029
nicklockwood/iCarousel,Objective-C,787,100,49685,16,2029
nicolaskruchten/pivottable,CoffeeScript,312,79,6436,33,2067
nicolaskruchten/pivottable,JavaScript,676,167,14502,13,2069
nikic/PHP-Parser,PHP,4926,712,140640,67,3118
niklasvh/html2canvas,JavaScript,1866,572,170958,38,2993
niklasvh/html2canvas,TypeScript,166,150,8694,6,226
ninjaprox/NVActivityIndicatorView,C,10,0,97,2,1198
ninjaprox/NVActivityIndicatorView,Swift,873,80,12363,35,1524
nlohmann/json,C,144,23,17627,7,2315
nlohmann/json,C++,5574,1250,371843,108,2328
nlohmann/json,Python,29,2,9317,3,1941
nodejs/node,Assembly,658,233,524843,10,2641
nodejs/node,C,55092,7979,3723770,337,3944
nodejs/node,C#,15,1,1893,7,1365
nodejs/node,C++,49932,5070,5144913,562,3946
nodejs/node,CoffeeScript,63,4,669,9,2625
nodejs/node,JavaScript,115881,17343,3886667,2296,3943
nodejs/node,Lua,76,0,12375,9,3053
nodejs/node,Objective-C,117,0,693,3,1219
nodejs/node,Perl,1941,543,1335092,16,2946
nodejs/node,Python,7574,775,462462,142,3893
nodejs/node,Ruby,30,3,430,4,2522
nodejs/node,TypeScript,4142,11,78245,22,1604
noflo/noflo,CoffeeScript,2617,572,43362,25,2961
noflo/noflo,JavaScript,33,0,910,1,2241
nostra13/Android-Universal-Image-Loader,Java,1912,180,34138,32,2689
nothings/stb,C,1388,422,120433,153,1904
nothings/stb,C++,106,23,2485,4,1904
nsqio/nsq,Go,3701,512,70175,96,2760
nsqio/nsq,JavaScript,83,20,1731,6,1513
nsqio/nsq,Python,27,8,1157,2,1240
numpy/numpy,C,10559,3631,1114797,303,6550
numpy/numpy,C++,408,7,76975,9,6372
numpy/numpy,JavaScript,9,1,1072,5,3918
numpy/numpy,Python,26211,8637,607846,949,6560
nvbn/thefuck,Python,2722,472,26112,126,1673
nwjs/nw.js,C,1843,558,21332,30,2920
nwjs/nw.js,C++,2773,1078,68746,42,2907
nwjs/nw.js,Java,18,0,551,5,1302
nwjs/nw.js,JavaScript,1936,263,138797,37,2907
nwjs/nw.js,Objective-C,350,150,8351,27,2676
nwjs/nw.js,Python,694,138,12738,24,2528
obsproject/obs-studio,C,8453,2177,378780,186,2261
obsproject/obs-studio,C++,4536,1233,121148,155,2259
obsproject/obs-studio,Lua,101,1,118278,5,2017
obsproject/obs-studio,Objective-C,236,50,8676,17,2161
obsproject/obs-studio,Python,17,3,901,4,1699
ocornut/imgui,C,2541,414,62239,84,1946
ocornut/imgui,C++,6297,1685,112615,172,1947
ocornut/imgui,Objective-C,114,34,3742,15,1633
octalmage/robotjs,C,198,41,3785,27,1841
octalmage/robotjs,C++,140,41,2246,26,1912
octalmage/robotjs,JavaScript,71,8,1019,4,1274
octobercms/october,JavaScript,4311,1144,671050,100,1919
octobercms/october,PHP,7373,1447,155183,351,1952
omniauth/omniauth,Ruby,2088,215,21782,172,3519
onevcat/Kingfisher,C,234,0,862,1,1593
onevcat/Kingfisher,Objective-C,86,0,1267,1,1589
onevcat/Kingfisher,Swift,2934,414,46267,132,1707
onivim/oni,JavaScript,358,125,294817,22,676
onivim/oni,TypeScript,5642,3037,121279,70,849
openai/gym,Python,1977,569,29152,199,1317
opencv/opencv,C,6898,1436,1010565,219,3494
opencv/opencv,C++,50200,12485,2577518,1190,3500
opencv/opencv,Java,3103,912,110755,83,3368
opencv/opencv,JavaScript,74,24,5525,24,3311
opencv/opencv,Objective-C,300,107,14693,64,3367
opencv/opencv,Python,3887,805,107526,196,3494
opencv/opencv,Scala,22,2,183,7,960
openfaas/faas,Go,14263,124,2325014,39,1082
openfaas/faas,JavaScript,84,16,2006,15,1067
openfaas/faas,Python,26,2,1324,5,893
openssl/openssl,Assembly,49,0,20216,8,7290
openssl/openssl,C,60484,12499,1697687,501,7658
openssl/openssl,C++,188,26,25244,16,7605
openssl/openssl,Perl,5429,1099,289592,83,7653
openssl/openssl,Python,8,0,79,6,1654
openwrt/luci,C,1184,180,98637,15,4212
openwrt/luci,JavaScript,784,213,54436,42,4268
openwrt/luci,Lua,8919,1894,167787,180,4291
openwrt/luci,Perl,59,9,2718,6,3858
orlabs/orange,JavaScript,269,22,16778,10,1337
orlabs/orange,Lua,689,89,24685,24,1340
ornicar/lila,C#,149,10,1227,2,1838
ornicar/lila,Java,263,23,27525,6,2683
ornicar/lila,JavaScript,11404,1886,231369,51,2763
ornicar/lila,Perl,225,11,1847,2,1838
ornicar/lila,Python,37,6,378,5,2726
ornicar/lila,Scala,48699,4155,369747,85,2847
ornicar/lila,Swift,194,12,1450,4,1838
ornicar/lila,TypeScript,4192,650,43573,27,1021
osquery/osquery,C,3352,617,101707,96,1949
osquery/osquery,C++,11373,2345,219256,216,1956
osquery/osquery,JavaScript,146,0,23307,3,1246
osquery/osquery,Objective-C,292,73,6852,42,1878
osquery/osquery,Python,571,123,9826,54,1958
osquery/osquery,Ruby,636,17,7236,19,1160
overtrue/wechat,PHP,6580,2139,98484,123,1457
p0pr0ck5/lua-resty-waf,Lua,912,147,21481,7,1243
p0pr0ck5/lua-resty-waf,Perl,94,29,2405,1,338
palantir/blueprint,JavaScript,563,154,462682,20,1128
palantir/blueprint,TypeScript,7503,1993,117368,169,1139
pallets/flask,Python,3167,663,47261,335,3519
pandas-dev/pandas,C,913,303,159858,85,3779
pandas-dev/pandas,Python,54414,15554,1475851,1859,3780
paradoxxxzero/butterfly,CoffeeScript,243,87,13595,3,1734
paradoxxxzero/butterfly,JavaScript,371,155,25404,5,1734
paradoxxxzero/butterfly,Python,389,151,4731,15,1734
parcel-bundler/parcel,JavaScript,7167,1382,124665,205,857
parcel-bundler/parcel,TypeScript,60,14,304,7,709
pbatard/rufus,C,3549,1595,133064,27,2927
pbatard/rufus,C#,14,5,1669,1,364
phacility/phabricator,JavaScript,2574,800,64228,53,3208
phacility/phabricator,PHP,75966,14303,1235187,323,3248
phalcon/cphalcon,C,60473,11351,28620846,93,2828
phalcon/cphalcon,JavaScript,980,6,950015,9,2558
phalcon/cphalcon,PHP,47134,2728,1966438,178,2821
phanan/koel,JavaScript,1250,130,25476,8,1354
phanan/koel,PHP,2403,707,29765,27,1450
philc/vimium,CoffeeScript,3672,821,38167,71,2733
philc/vimium,JavaScript,727,166,11549,58,1221
php/php-src,C,169810,49610,10415284,896,7552
php/php-src,C++,793,213,26308,56,7005
php/php-src,Java,181,13,3839,11,5155
php/php-src,JavaScript,482,118,17805,37,5845
php/php-src,PHP,5167,1110,122144,208,7552
php/php-src,Perl,34,0,1107,8,7128
pingcap/tidb,Go,45651,5773,1765169,425,1557
pjreddie/darknet,C,2620,455,73621,9,1772
pjreddie/darknet,Python,21,1,454,1,969
pkulchenko/ZeroBraneStudio,C,16,4,728,3,2456
pkulchenko/ZeroBraneStudio,Lua,6658,1563,309938,58,4100
plataformatec/devise,Ruby,6405,845,46968,495,3724
plataformatec/simple_form,Ruby,3065,433,26592,192,3621
playframework/playframework,CoffeeScript,37,6,1765,10,1840
playframework/playframework,Java,8770,2017,160717,201,2997
playframework/playframework,JavaScript,218,34,54509,31,2877
playframework/playframework,Scala,23517,4934,352400,532,3011
pocorall/scaloid,Java,9,2,285,4,852
pocorall/scaloid,Scala,1001,138,60451,17,2128
polynote/polynote,JavaScript,494,99,11903,3,287
polynote/polynote,Python,23,6,26764,2,176
polynote/polynote,Scala,1885,585,39024,6,324
polynote/polynote,TypeScript,266,43,6007,5,80
pooler/cpuminer,C,429,52,14266,14,2967
pret/pokecrystal,Assembly,45151,3156,1567291,49,2829
pret/pokecrystal,C,50,29,2084,7,905
pret/pokecrystal,Python,775,148,41961,14,2651
pret/pokered,Assembly,16674,1590,747817,50,3609
pret/pokered,C,52,0,1822,5,2576
pret/pokered,C++,57,2,1972,2,628
pret/pokered,Python,302,43,12967,9,2555
prettier/prettier,JavaScript,10637,2756,264786,253,1105
prettier/prettier,TypeScript,433,265,5981,31,992
prisma/prisma,C,15,4,88,2,281
prisma/prisma,Java,128,30,1620,4,666
prisma/prisma,JavaScript,513,125,19093,17,656
prisma/prisma,Ruby,141,18,1766,3,113
prisma/prisma,Scala,18938,1659,354438,17,746
prisma/prisma,TypeScript,6618,1610,148179,48,888
project-everest/hacl-star,Assembly,2346,0,143365,5,279
project-everest/hacl-star,C,9145,143,593705,19,719
prometheus/prometheus,Go,24408,3222,3061612,441,2573
prometheus/prometheus,JavaScript,273,73,35714,56,2485
prometheus/prometheus,Perl,40,9,2220,6,1161
prometheus/prometheus,TypeScript,239,38,8496,8,53
protocolbuffers/protobuf,C,6071,1009,394942,256,4146
protocolbuffers/protobuf,C#,6206,869,775523,48,4127
protocolbuffers/protobuf,C++,7121,981,473653,234,4164
protocolbuffers/protobuf,Go,22,7,702,5,1188
protocolbuffers/protobuf,Java,2776,183,241143,89,4128
protocolbuffers/protobuf,JavaScript,395,52,30238,25,1434
protocolbuffers/protobuf,Objective-C,563,143,93184,25,1684
protocolbuffers/protobuf,PHP,956,243,44571,28,1325
protocolbuffers/protobuf,Python,1348,128,55965,73,4142
protocolbuffers/protobuf,Ruby,258,72,9842,38,1807
protocolbuffers/protobuf,Swift,7,2,630,2,521
proxyee-down-org/proxyee-down,Java,1129,20,22874,4,701
proxyee-down-org/proxyee-down,JavaScript,261,15,5006,11,686
psf/requests,Python,4486,803,107237,479,3175
pubkey/rxdb,JavaScript,4845,629,579620,34,1099
pubkey/rxdb,TypeScript,1116,447,18123,28,1094
puppeteer/puppeteer,JavaScript,3450,1179,103390,130,944
puppeteer/puppeteer,TypeScript,19,7,433,4,777
pypa/pipenv,C,148,0,41187,3,722
pypa/pipenv,Python,10555,1707,715489,233,960
python/cpython,Assembly,23,3,4430,6,4833
python/cpython,C,55898,14908,3656646,502,10648
python/cpython,C++,104,31,9324,13,7741
python/cpython,JavaScript,43,6,763,12,2919
python/cpython,Objective-C,70,25,2069,8,5153
python/cpython,Perl,42,5,2154,4,3465
python/cpython,Python,95403,22959,2655338,845,10650
pytorch/pytorch,C,28445,4280,783295,842,2877
pytorch/pytorch,C++,33304,5259,899743,834,1629
pytorch/pytorch,Java,55,6,3002,3,95
pytorch/pytorch,Lua,120,24,2496,19,2151
pytorch/pytorch,Objective-C,168,43,17880,18,956
pytorch/pytorch,Python,26558,6012,660312,1260,1629
pytorch/pytorch,Ruby,14,2,248,4,71
radareorg/radare2,Assembly,12,10,94,2,2501
radareorg/radare2,C,58109,29457,1577621,813,3960
radareorg/radare2,Go,7,5,59,2,1194
radareorg/radare2,JavaScript,775,253,149967,23,3117
radareorg/radare2,Lua,23,3,878,2,1721
radareorg/radare2,Perl,41,15,647,6,2727
radareorg/radare2,Python,201,78,3419,18,3901
radareorg/radare2,Ruby,22,4,300,2,1772
rails/rails,CoffeeScript,283,41,2397,43,3090
rails/rails,JavaScript,913,136,99012,91,5334
rails/rails,Lua,21,3,224,7,1763
rails/rails,Ruby,128063,22459,1233639,4077,5495
railsware/upterm,JavaScript,314,43,5061,11,852
railsware/upterm,TypeScript,4716,830,203833,51,1265
ramsey/uuid,PHP,1051,170,15729,53,2710
rapid7/metasploit-framework,Assembly,325,39,16657,35,4537
rapid7/metasploit-framework,C,8061,294,732743,59,5292
rapid7/metasploit-framework,C++,595,22,221896,27,4933
rapid7/metasploit-framework,Go,31,10,1927,3,62
rapid7/metasploit-framework,Java,2181,314,64077,32,3931
rapid7/metasploit-framework,JavaScript,1140,49,185155,30,4536
rapid7/metasploit-framework,Lua,28,2,295,6,2299
rapid7/metasploit-framework,Objective-C,57,14,7300,4,3700
rapid7/metasploit-framework,PHP,98,19,4753,11,2817
rapid7/metasploit-framework,Perl,106,21,3216,8,4221
rapid7/metasploit-framework,Python,315,68,17612,42,3727
rapid7/metasploit-framework,Ruby,144550,29205,4305138,1122,5372
raywenderlich/swift-algorithm-club,Swift,2312,539,70822,229,1382
rclone/rclone,C,16,1,538,1,1105
rclone/rclone,Go,44425,4523,10436017,255,2574
rclone/rclone,Perl,53,12,2574,1,910
rclone/rclone,Python,87,15,1915,13,1556
react-dnd/react-dnd,JavaScript,2725,159,44551,50,1875
react-dnd/react-dnd,TypeScript,2609,1053,23241,35,583
react-native-community/react-native-maps,C,292,69,4351,66,1393
react-native-community/react-native-maps,Java,439,98,12908,98,1373
react-native-community/react-native-maps,JavaScript,772,209,20227,113,1404
react-native-community/react-native-maps,Objective-C,524,163,12663,124,1406
react-native-community/react-native-maps,TypeScript,40,11,1305,36,798
react-navigation/react-navigation,Java,22,3,85,6,824
react-navigation/react-navigation,JavaScript,2386,898,161464,222,972
react-navigation/react-navigation,TypeScript,124,35,2408,28,327
reactiveui/ReactiveUI,C#,9944,1976,282729,148,3464
reactiveui/ReactiveUI,Ruby,14,0,192,2,1941
realm/SwiftLint,Swift,8462,1753,85464,212,1662
realm/realm-cocoa,C,4261,575,78233,66,2768
realm/realm-cocoa,C++,1620,237,53314,38,2768
realm/realm-cocoa,JavaScript,14,1,1775,5,2720
realm/realm-cocoa,Objective-C,9766,1684,187388,86,2768
realm/realm-cocoa,Python,49,7,1505,9,2749
realm/realm-cocoa,Ruby,92,13,716,7,1952
realm/realm-cocoa,Swift,4477,771,99124,55,1986
recharts/recharts,JavaScript,4689,1520,203705,144,1561
recharts/recharts,TypeScript,271,152,5159,3,46
reduxjs/redux,JavaScript,2416,454,26162,226,1639
reduxjs/redux,TypeScript,184,46,3830,30,1377
resque/resque,JavaScript,13,0,217,8,2483
resque/resque,Ruby,1418,289,13545,195,3435
restsharp/RestSharp,C#,3354,925,119197,238,3574
rethinkdb/rethinkdb,C,2990,869,779111,24,2609
rethinkdb/rethinkdb,C++,70381,13479,2411386,112,3652
rethinkdb/rethinkdb,CoffeeScript,3866,1095,88234,56,2116
rethinkdb/rethinkdb,Java,4340,360,78542,24,1883
rethinkdb/rethinkdb,JavaScript,9285,2836,855290,35,2552
rethinkdb/rethinkdb,Perl,136,15,14971,10,2637
rethinkdb/rethinkdb,Python,7905,1728,311379,98,3491
rethinkdb/rethinkdb,Ruby,1716,333,43948,39,1908
robb/Cartography,Swift,752,91,12151,35,1805
robbiehanson/CocoaAsyncSocket,C,271,57,8130,20,4016
robbiehanson/CocoaAsyncSocket,Objective-C,570,206,53036,45,4016
robbiehanson/CocoaAsyncSocket,Swift,13,1,789,4,771
robertdavidgraham/masscan,C,2134,308,80451,32,2247
roots/sage,JavaScript,651,75,16170,60,2846
roots/sage,PHP,1744,319,16210,130,2851
rsnapshot/rsnapshot,Perl,514,110,18695,26,5745
rtyley/bfg-repo-cleaner,Scala,634,102,7570,5,1847
rubocop-hq/rubocop,Ruby,27525,9036,382239,639,2790
ruby-grape/grape,Ruby,3483,1080,48931,286,3416
ruby/ruby,Assembly,12,1,160,2,7
ruby/ruby,C,52825,11773,1660574,177,7999
ruby/ruby,C++,18,8,1470,3,77
ruby/ruby,JavaScript,30,0,1007,6,3435
ruby/ruby,Python,41,8,586,12,7409
ruby/ruby,Ruby,75242,11775,2000076,219,7999
sbt/sbt,Java,737,89,6994,35,3806
sbt/sbt,Python,46,10,535,3,625
sbt/sbt,Scala,19192,3825,279723,206,3819
scala-js/scala-js,JavaScript,345,141,6834,12,2376
scala-js/scala-js,Scala,16043,6877,438563,76,3140
scala-native/scala-native,C,417,60,17575,22,1357
scala-native/scala-native,C++,47,15,10410,11,1211
scala-native/scala-native,Python,24,3,1535,3,1110
scala-native/scala-native,Scala,7722,1827,294262,83,1437
scala/scala,C#,139,3,2095,7,1862
scala/scala,Java,9057,1200,311233,91,6062
scala/scala,JavaScript,230,66,18899,34,5800
scala/scala,Scala,114893,22788,1711542,587,6143
scalanlp/breeze,Java,36,1,228,7,3747
scalanlp/breeze,Scala,10422,1196,230678,129,4137
scalatra/scalatra,Java,31,2,2692,8,3072
scalatra/scalatra,JavaScript,105,10,25098,7,2336
scalatra/scalatra,Scala,6241,827,76512,119,3833
scalaz/scalaz,Java,227,1,32783,12,1336
scalaz/scalaz,Scala,16099,1672,218757,254,3973
scikit-learn/scikit-learn,C,2230,408,2033899,103,3579
scikit-learn/scikit-learn,C++,227,50,88456,40,3606
scikit-learn/scikit-learn,JavaScript,40,10,35844,9,2789
scikit-learn/scikit-learn,Python,41474,10432,752245,1610,3626
scrapy/scrapy,Python,11414,1697,158688,281,4178
scwang90/SmartRefreshLayout,Java,3356,16,79976,9,807
sebastianbergmann/phpunit,JavaScript,43,0,260,2,2270
sebastianbergmann/phpunit,PHP,28557,4651,320453,422,4911
serbanghita/Mobile-Detect,PHP,759,153,17978,75,3769
serverless/serverless,C#,22,2,170,7,450
serverless/serverless,Go,26,1,504,6,643
serverless/serverless,Java,61,4,1024,15,1179
serverless/serverless,JavaScript,20478,2989,690448,435,1695
serverless/serverless,Python,68,7,407,26,1387
serverless/serverless,Ruby,17,2,163,8,664
serverless/serverless,TypeScript,12,0,38,9,611
sferik/rails_admin,CoffeeScript,109,36,855,36,2843
sferik/rails_admin,JavaScript,2087,139,345070,66,3361
sferik/rails_admin,Ruby,6844,1474,78395,301,3381
shadowsocks/ShadowsocksX-NG,C,1166,4,63802,8,1196
shadowsocks/ShadowsocksX-NG,Objective-C,158,18,10952,14,1240
shadowsocks/ShadowsocksX-NG,Swift,1291,65,54916,24,1250
shadowsocks/shadowsocks-windows,C#,2161,311,64599,70,2509
shuzheng/zheng,Java,2046,0,58109,6,771
shuzheng/zheng,JavaScript,624,0,36847,4,722
sim-/tgy,Assembly,341,99,9530,5,2113
sinatra/sinatra,Ruby,3539,738,56084,302,4430
sindresorhus/refined-github,JavaScript,1357,272,14986,96,1164
sindresorhus/refined-github,TypeScript,1665,221,11038,69,325
sitaramc/gitolite,Perl,502,68,9113,13,2600
sjdy521/Mojo-Webqq,Perl,1356,7,16690,24,1411
sjdy521/Mojo-Weixin,Perl,824,6,10635,10,1348
skylot/jadx,Java,7513,3212,123101,40,2458
slackapi/hubot-slack,CoffeeScript,656,123,7657,58,2289
slackhq/SlackTextViewController,C,1768,169,11682,32,1173
slackhq/SlackTextViewController,Objective-C,1613,468,42594,52,1462
slackhq/SlackTextViewController,Swift,142,5,16713,7,1093
slick/slick,Python,46,3,555,4,1700
slick/slick,Scala,8150,1079,103127,140,3927
slimphp/Slim,PHP,6509,937,113899,227,3367
snabbco/snabb,C,6195,1113,333085,26,3504
snabbco/snabb,Lua,7707,1331,285971,58,3616
snabbco/snabb,Python,124,15,5460,8,1534
snowplow/snowplow,Java,197,29,3609,10,2460
snowplow/snowplow,JavaScript,317,42,10105,12,838
snowplow/snowplow,Ruby,1228,204,15253,22,2672
snowplow/snowplow,Scala,7921,518,123946,57,2731
socketio/socket.io,JavaScript,1402,387,34761,105,3058
soimort/you-get,Python,2387,853,27017,197,2610
sorich87/bootstrap-tour,CoffeeScript,443,102,6504,48,2287
sorich87/bootstrap-tour,JavaScript,1107,220,65192,36,1922
soyjavi/QuoJS,CoffeeScript,727,162,9559,27,1107
soyjavi/QuoJS,JavaScript,1089,100,33837,12,1215
spark-jobserver/spark-jobserver,Java,23,7,246,7,788
spark-jobserver/spark-jobserver,JavaScript,23,1,6054,8,1613
spark-jobserver/spark-jobserver,Python,41,8,922,8,497
spark-jobserver/spark-jobserver,Scala,2444,711,48246,107,2066
spf13/cobra,Go,806,235,20671,118,2236
spray/spray,JavaScript,131,21,7134,4,1544
spray/spray,Python,22,1,263,3,1029
spray/spray,Scala,11222,1194,141005,81,2098
spree/spree,CoffeeScript,274,131,2356,74,2278
spree/spree,JavaScript,2880,907,139421,134,4291
spree/spree,Lua,18,2,144,4,855
spree/spree,Ruby,42775,12033,691525,752,4301
spring-projects/spring-boot,Java,82390,11678,1107756,568,2420
spring-projects/spring-boot,JavaScript,42,3,42925,8,2240
spring-projects/spring-boot,Ruby,10,2,60,6,1956
spring-projects/spring-framework,Java,127646,29462,2413853,418,4170
spring-projects/spring-framework,JavaScript,65,5,292,12,3339
spring-projects/spring-framework,Ruby,31,0,123,6,3017
sqitchers/sqitch,Perl,5261,487,49291,29,2621
sqlitebrowser/sqlitebrowser,C,2198,359,427804,52,5926
sqlitebrowser/sqlitebrowser,C++,3829,996,252823,75,5937
sqlitebrowser/sqlitebrowser,TypeScript,405,59,215980,38,1873
square/okhttp,Java,9197,1559,217377,202,3119
square/picasso,Java,2401,298,33247,107,2418
square/retrofit,Java,3446,306,71528,119,3328
stedolan/jq,C,1445,462,79183,51,2653
stedolan/jq,JavaScript,17,6,4381,3,2175
stedolan/jq,Python,13,1,353,4,2358
storybookjs/storybook,C,13,1,80,6,492
storybookjs/storybook,Java,36,3,285,6,492
storybookjs/storybook,JavaScript,23640,4564,264186,586,1460
storybookjs/storybook,Objective-C,39,3,625,6,492
storybookjs/storybook,TypeScript,5910,1358,100186,179,1314
swiftmailer/swiftmailer,JavaScript,73,1,12721,5,2338
swiftmailer/swiftmailer,PHP,7199,1659,229489,149,4390
swoole/swoole-src,C,15508,4216,360641,154,2698
swoole/swoole-src,C++,4269,909,91781,44,2040
swoole/swoole-src,Go,23,3,274,4,1992
swoole/swoole-src,JavaScript,12,1,38,2,2017
swoole/swoole-src,PHP,2909,435,57818,52,2698
swoole/swoole-src,Python,8,1,144,4,1495
symfony/symfony,JavaScript,15,2,781,9,3221
symfony/symfony,PHP,106118,30572,1466102,2394,3627
syncthing/syncthing,Go,21032,6741,3038358,151,2184
syncthing/syncthing,JavaScript,858,338,109720,65,2165
taigaio/taiga-front,CoffeeScript,7371,1776,103866,36,1987
taigaio/taiga-front,JavaScript,1045,184,42413,19,1817
taigaio/taiga-front,Python,20,6,524,5,1253
taosdata/TDengine,C,2164,462,200484,25,153
taosdata/TDengine,Go,14,6,657,6,128
taosdata/TDengine,Java,35,9,2867,5,140
taosdata/TDengine,JavaScript,61,24,2675,1,83
taosdata/TDengine,Python,75,60,3680,2,118
tarantool/tarantool,C,18586,4304,909000,116,3375
tarantool/tarantool,C++,7267,2216,144005,70,3069
tarantool/tarantool,JavaScript,46,7,2105,3,1134
tarantool/tarantool,Lua,7904,2325,336707,106,3070
tarantool/tarantool,Objective-C,1700,491,54011,16,815
tarantool/tarantool,PHP,25,2,676,3,347
tarantool/tarantool,Perl,322,85,10206,12,1446
tarantool/tarantool,Python,1151,280,20109,38,3188
tarantool/tarantool,Ruby,20,6,426,6,2050
teamcapybara/capybara,JavaScript,66,13,10858,15,3660
teamcapybara/capybara,Ruby,7033,967,72725,262,3685
telegramdesktop/tdesktop,C,15991,2170,324993,31,1992
telegramdesktop/tdesktop,C++,26830,4916,919966,64,1992
telegramdesktop/tdesktop,Objective-C,488,134,21679,6,1971
telegramdesktop/tdesktop,Python,124,18,4184,3,1986
tensorflow/models,C,542,42,28772,14,1280
tensorflow/models,C++,856,52,80357,20,1353
tensorflow/models,Python,10262,1995,663267,517,1426
tensorflow/tensorflow,C,36677,4388,914321,689,1495
tensorflow/tensorflow,C++,89640,12174,3116477,1002,1494
tensorflow/tensorflow,Go,1013,84,4096623,58,1204
tensorflow/tensorflow,Java,1387,219,53650,116,1489
tensorflow/tensorflow,JavaScript,105,22,1484,16,575
tensorflow/tensorflow,Objective-C,276,48,15226,30,1278
tensorflow/tensorflow,Python,83438,14242,2798016,1668,1495
tensorflow/tensorflow,Swift,157,1,5666,4,245
tensorflow/tensorflow,TypeScript,2038,327,73627,46,581
tensorflow/tfjs,C,140,21,2150,8,655
tensorflow/tfjs,C++,283,54,9347,9,655
tensorflow/tfjs,JavaScript,416,79,30918,21,859
tensorflow/tfjs,Python,599,188,27980,27,853
tensorflow/tfjs,TypeScript,14278,2835,417818,158,859
tesseract-ocr/tesseract,C,5332,1385,217687,71,4655
tesseract-ocr/tesseract,C++,8197,2742,545364,97,4655
tesseract-ocr/tesseract,Java,63,35,2669,4,3802
tesseract-ocr/tesseract,Python,51,23,4356,11,2804
testerSunshine/12306,Python,703,96,10841,20,884
the-control-group/voyager,JavaScript,2174,143,707699,48,1114
the-control-group/voyager,PHP,5622,2265,102576,357,1134
thephpleague/flysystem,JavaScript,19,1,1324,1,475
thephpleague/flysystem,PHP,2202,826,33706,132,2233
thepracticaldev/dev.to,JavaScript,1135,421,30061,83,645
thepracticaldev/dev.to,Ruby,7201,2475,71998,169,650
thoughtbot/bourbon,Ruby,348,28,2717,33,2944
thoughtbot/paperclip,Ruby,3137,681,37739,341,4009
tmux/tmux,C,16637,3565,261043,42,4537
tmuxinator/tmuxinator,Ruby,685,182,7732,79,3278
tobie/ua-parser,C#,77,6,2196,6,676
tobie/ua-parser,Go,31,0,687,2,522
tobie/ua-parser,Java,92,28,2218,7,837
tobie/ua-parser,JavaScript,68,3,23768,4,1197
tobie/ua-parser,PHP,326,42,8872,10,949
tobie/ua-parser,Perl,18,1,3085,5,946
tobie/ua-parser,Python,70,20,1739,17,946
tootsuite/mastodon,CoffeeScript,31,4,93,1,222
tootsuite/mastodon,JavaScript,6031,2054,67483,250,1387
tootsuite/mastodon,Ruby,11028,3965,106695,258,1386
torch/torch7,C,1154,226,33298,112,2064
torch/torch7,Lua,428,97,11290,91,1992
tornadoweb/tornado,C,10,4,208,7,3724
tornadoweb/tornado,JavaScript,12,2,269,7,3212
tornadoweb/tornado,Python,6669,1366,100285,370,3732
torvalds/linux,Assembly,57,23,6268,24,4847
torvalds/linux,C,1693978,414281,42539088,26529,6655
torvalds/linux,C++,120,32,3326,32,5227
torvalds/linux,Perl,1455,396,51734,278,5256
torvalds/linux,Python,830,148,43613,139,4887
trekhleb/javascript-algorithms,JavaScript,997,152,24651,52,456
tristanhimmelman/ObjectMapper,C,21,0,229,4,1489
tristanhimmelman/ObjectMapper,Swift,1225,156,24932,93,1697
tsenart/vegeta,Go,679,146,29988,39,2273
turbolinks/turbolinks-classic,CoffeeScript,332,108,3031,51,1112
turbolinks/turbolinks-classic,Ruby,134,34,1429,21,1124
twbs/bootstrap,JavaScript,9544,1447,326022,300,3134
twbs/bootstrap,Python,11,3,263,4,631
twbs/bootstrap,Ruby,36,12,207,13,1343
twbs/bootstrap-sass,JavaScript,925,47,21815,14,2703
twbs/bootstrap-sass,Ruby,595,102,4487,31,2681
twitter-archive/flockdb,Ruby,13,1,1709,2,533
twitter-archive/flockdb,Scala,1380,233,13441,18,722
twitter-archive/gizzard,Ruby,18,2,906,4,47
twitter-archive/gizzard,Scala,2893,326,31099,29,793
twitter-archive/kestrel,Java,14,1,0,1,89
twitter-archive/kestrel,Scala,1781,305,29402,37,2707
twitter-archive/snowflake,Java,15,0,0,3,607
twitter-archive/snowflake,Ruby,16,1,70,4,1464
twitter-archive/snowflake,Scala,349,34,2511,14,1539
twitter/finagle,Java,902,154,69232,72,3336
twitter/finagle,Python,25,4,367,12,2415
twitter/finagle,Ruby,52,7,1015,9,1827
twitter/finagle,Scala,26146,5199,513750,370,3340
twitter/scalding,Java,103,15,5749,18,2127
twitter/scalding,Ruby,109,23,2203,30,2702
twitter/scalding,Scala,6313,913,140091,204,2885
twitter/summingbird,Java,186,11,2249,6,1330
twitter/summingbird,Scala,3725,475,58754,44,2226
twitter/twemproxy,C,592,104,12558,33,2212
twitter/twemproxy,Python,33,3,1802,6,1051
twitter/util,Java,251,20,6748,48,3324
twitter/util,Scala,5319,1023,131079,237,3412
tymondesigns/jwt-auth,PHP,2756,1054,23314,67,1830
typelevel/cats,Scala,8596,1560,104429,274,1777
typeorm/typeorm,JavaScript,22,4,909,5,1180
typeorm/typeorm,TypeScript,16649,4288,268431,321,1375
uglide/RedisDesktopManager,C,3151,339,204135,11,2259
uglide/RedisDesktopManager,C++,3365,523,308579,21,2260
uglide/RedisDesktopManager,JavaScript,58,22,2104,4,1741
uglide/RedisDesktopManager,Python,825,13,72520,2,2123
uglide/RedisDesktopManager,TypeScript,106,19,18531,16,1130
ustbhuangyi/better-scroll,JavaScript,1318,180,61941,24,1334
ustbhuangyi/better-scroll,TypeScript,1302,217,38067,15,738
v2ray/v2ray-core,Go,15190,1196,357233,50,1555
v8/v8,C,96521,15805,1294661,671,4178
v8/v8,C++,190440,35775,5043779,737,4178
v8/v8,JavaScript,34475,6752,1445442,409,4177
v8/v8,Lua,34,11,791,16,3155
v8/v8,Python,5919,778,150453,299,4176
v8/v8,TypeScript,318,88,4497,6,548
vapor/vapor,C,22,0,217018,7,1335
vapor/vapor,Swift,16445,1507,325317,134,1422
videolan/x265,Assembly,2195,200,383624,41,2188
videolan/x265,C,7947,691,106179,113,2384
videolan/x265,C++,16258,2327,483802,151,2384
videolan/x265,Python,20,0,319,3,614
virtualagc/virtualagc,C,1175,316,103615,13,4135
virtualagc/virtualagc,C++,147,24,35506,7,3807
virtualagc/virtualagc,Python,365,80,17353,4,3631
vnpy/vnpy,C,2737,29,700145,13,1698
vnpy/vnpy,C++,3137,32,475825,14,1663
vnpy/vnpy,Python,7054,514,537562,88,1718
vuejs/vue,JavaScript,7645,1947,479939,239,1333
vuejs/vue,TypeScript,223,96,2295,46,1162
vuetifyjs/vuetify,JavaScript,15474,4286,422213,190,1175
vuetifyjs/vuetify,TypeScript,3497,1485,58703,150,852
vurtun/nuklear,C,2698,982,288633,94,1671
vurtun/nuklear,C++,17,6,737,4,747
vurtun/nuklear,Objective-C,22,0,2339,3,354
wagoodman/dive,Go,922,178,23256,13,563
webmin/webmin,C,38,8,716,3,4042
webmin/webmin,Java,119,8,2852,2,3856
webmin/webmin,JavaScript,753,16,114962,7,3986
webmin/webmin,Perl,8588,2149,268644,67,4624
webmin/webmin,Python,16,2,2203,3,3714
webmin/webmin,Swift,107,7,364,3,3985
webpack/webpack,CoffeeScript,22,7,129,4,2316
webpack/webpack,JavaScript,22166,4680,303765,553,2826
webpack/webpack,TypeScript,223,49,5136,29,2500
wireapp/wire-android,Java,4922,572,67788,29,1437
wireapp/wire-android,Scala,8760,1808,211026,34,1439
x64dbg/x64dbg,C,4863,1133,157243,68,2201
x64dbg/x64dbg,C++,9505,2978,318519,92,2201
x64dbg/x64dbg,TypeScript,33,6,22266,2,49
xmartlabs/Eureka,Swift,1578,478,29538,126,1514
yahoo/kafka-manager,Scala,1189,139,21650,55,1553
yakyak/yakyak,CoffeeScript,1587,294,16409,65,1357
yakyak/yakyak,JavaScript,12,1,163,2,3
yarnpkg/yarn,JavaScript,6373,2842,93317,482,1417
ycm-core/YouCompleteMe,C,7381,129,624126,6,2731
ycm-core/YouCompleteMe,C++,17712,145,1715917,15,2777
ycm-core/YouCompleteMe,Python,2385,532,57623,59,2784
yiisoft/yii2,JavaScript,968,293,53924,89,2411
yiisoft/yii2,PHP,33998,10282,753124,871,3071
ytdl-org/youtube-dl,Python,20402,4733,299470,806,2939
yuki-kimoto/gitprep,JavaScript,134,0,7254,1,1626
yuki-kimoto/gitprep,PHP,8,1,149,1,808
yuki-kimoto/gitprep,Perl,1152,100,29421,6,2036
zxing/zxing,C,2051,128,37388,18,2104
zxing/zxing,C#,629,22,63181,4,1582
zxing/zxing,C++,1666,153,87298,20,1990
zxing/zxing,Java,8063,928,160422,82,4297
zxing/zxing,Objective-C,846,111,18623,11,2104
zxing/zxing,Python,381,0,47459,6,1879
